,state,state_name,lga,sector,hhid,total_CO2_kg,credit_mean,income_mean
0,1,Abia,102,URBAN,0.0,48.396035259528134,,
1,1,Abia,102,URBAN,10057.0,171.9977222854579,,12000.0
2,1,Abia,104,RURAL,0.0,45.89516263157895,,
3,1,Abia,105,RURAL,0.0,22.03534562163209,,
4,1,Abia,106,RURAL,0.0,36.96368415948276,,
5,1,Abia,107,RURAL,0.0,16.318599252873565,,
6,1,Abia,108,RURAL,0.0,24.02375821366579,,
7,1,Abia,108,RURAL,10109.0,42.99943057136448,,54000.0
8,1,Abia,110,RURAL,0.0,12.045610344827587,,
9,1,Abia,110,RURAL,10084.0,107.49857642841118,,15000.0
10,1,Abia,110,URBAN,0.0,42.11573965517242,,
11,1,Abia,111,URBAN,0.0,77.52763735632185,,
12,1,Abia,115,URBAN,0.0,99.16098518196065,,
13,1,Abia,117,RURAL,0.0,25.213166144200628,,
14,2,Adamawa,201,RURAL,0.0,92.93103448275862,,
15,2,Adamawa,203,RURAL,0.0,33.98620689655172,,
16,2,Adamawa,210,RURAL,0.0,461.46413793103454,,
17,2,Adamawa,214,RURAL,0.0,26.429620197044333,,
18,2,Adamawa,214,RURAL,20071.0,429.99430571364474,,
19,2,Adamawa,214,RURAL,20074.0,214.99715285682237,,44500.0
20,2,Adamawa,214,RURAL,20075.0,429.99430571364474,1600000.0,100000.0
21,2,Adamawa,214,RURAL,20077.0,150.49800699977567,,
22,2,Adamawa,214,RURAL,20078.0,429.99430571364474,,29288.0
23,2,Adamawa,214,RURAL,20080.0,128.99829171409343,,
24,2,Adamawa,215,URBAN,0.0,154.70103068965517,,
25,2,Adamawa,215,URBAN,20081.0,107.49857642841118,,
26,2,Adamawa,215,URBAN,20085.0,214.99715285682237,,20980.0
27,2,Adamawa,215,URBAN,20087.0,644.9914585704671,,85000.0
28,2,Adamawa,216,RURAL,0.0,13.747126436781608,,
29,2,Adamawa,218,RURAL,0.0,7.5,,
30,2,Adamawa,221,RURAL,0.0,17.593924137931033,,
31,2,Adamawa,221,RURAL,20012.0,42.99943057136448,,
32,2,Adamawa,221,RURAL,20013.0,322.49572928523355,,
33,2,Adamawa,221,RURAL,20014.0,311.74587164239244,,
34,2,Adamawa,221,RURAL,20015.0,107.49857642841118,,
35,3,Akwa Ibom,301,URBAN,0.0,57.694406724137934,,
36,3,Akwa Ibom,301,URBAN,30101.0,128.99829171409343,,103350.0
37,3,Akwa Ibom,301,URBAN,30102.0,644.9914585704671,,18000.0
38,3,Akwa Ibom,301,URBAN,30110.0,128.99829171409343,,
39,3,Akwa Ibom,305,RURAL,0.0,34.26796950059453,,
40,3,Akwa Ibom,305,RURAL,30130.0,182.74757992829902,,
41,3,Akwa Ibom,307,RURAL,0.0,22.5,,
42,3,Akwa Ibom,307,URBAN,0.0,54.974942122222224,,
43,3,Akwa Ibom,307,URBAN,30045.0,85.99886114272896,,
44,3,Akwa Ibom,307,URBAN,30049.0,150.49800699977567,,52500.0
45,3,Akwa Ibom,309,RURAL,0.0,50.51352118226602,,
46,3,Akwa Ibom,309,URBAN,0.0,26.955246551724137,,
47,3,Akwa Ibom,309,URBAN,30064.0,128.99829171409343,,
48,3,Akwa Ibom,312,RURAL,0.0,36.054512413793105,,
49,3,Akwa Ibom,313,RURAL,0.0,34.485735153256705,,
50,3,Akwa Ibom,314,URBAN,0.0,52.8015424137931,,
51,3,Akwa Ibom,316,RURAL,0.0,104.87010461740559,,
52,3,Akwa Ibom,316,RURAL,30021.0,128.99829171409343,,
53,3,Akwa Ibom,316,RURAL,30022.0,107.49857642841118,,
54,3,Akwa Ibom,316,RURAL,30024.0,107.49857642841118,,
55,3,Akwa Ibom,316,RURAL,30028.0,386.9948751422803,,
56,3,Akwa Ibom,316,RURAL,30030.0,322.49572928523355,100000.0,
57,3,Akwa Ibom,318,RURAL,0.0,42.28229316430021,,
58,3,Akwa Ibom,321,RURAL,0.0,37.26958802177859,,
59,3,Akwa Ibom,322,RURAL,0.0,65.0,,
60,3,Akwa Ibom,323,RURAL,0.0,32.98703798037844,,
61,3,Akwa Ibom,323,RURAL,30075.0,214.99715285682237,,
62,3,Akwa Ibom,323,RURAL,30076.0,85.99886114272896,,73500.0
63,3,Akwa Ibom,325,URBAN,0.0,107.34654298850575,,
64,3,Akwa Ibom,326,RURAL,0.0,38.79561945812808,,
65,3,Akwa Ibom,329,RURAL,0.0,36.953281403940885,,
66,3,Akwa Ibom,329,RURAL,30061.0,85.99886114272896,,
67,3,Akwa Ibom,329,RURAL,30062.0,1074.985764284112,,
68,3,Akwa Ibom,329,RURAL,30063.0,214.99715285682237,,
69,3,Akwa Ibom,329,RURAL,30065.0,107.49857642841118,,
70,3,Akwa Ibom,329,RURAL,30066.0,214.99715285682237,,
71,3,Akwa Ibom,329,RURAL,30070.0,107.49857642841118,,85000.0
72,3,Akwa Ibom,331,URBAN,0.0,92.94015080844518,,
73,3,Akwa Ibom,331,URBAN,30002.0,429.99430571364474,,12666.666666666666
74,3,Akwa Ibom,331,URBAN,30005.0,53.74928821420559,30000.0,66420.0
75,3,Akwa Ibom,331,URBAN,30006.0,128.99829171409343,,60000.0
76,3,Akwa Ibom,331,URBAN,30007.0,257.99658342818685,80000.0,
77,3,Akwa Ibom,331,URBAN,30008.0,107.49857642841118,,
78,3,Akwa Ibom,331,URBAN,30009.0,257.99658342818685,,
79,3,Akwa Ibom,331,URBAN,30012.0,214.99715285682237,,
80,3,Akwa Ibom,331,URBAN,30015.0,343.9954445709158,,
81,3,Akwa Ibom,331,URBAN,30016.0,257.99658342818685,,
82,3,Akwa Ibom,331,URBAN,30017.0,150.49800699977567,,
83,4,Anambra,401,RURAL,0.0,64.7432875862069,,
84,4,Anambra,401,RURAL,40195.0,42.99943057136448,,
85,4,Anambra,401,URBAN,0.0,68.76394865067466,,
86,4,Anambra,402,RURAL,0.0,26.22931034482759,,
87,4,Anambra,402,RURAL,40207.0,128.99829171409343,10000.0,
88,4,Anambra,403,RURAL,0.0,26.982758620689655,,
89,4,Anambra,403,RURAL,40214.0,42.99943057136448,10000.0,
90,4,Anambra,403,RURAL,40215.0,171.9977222854579,20000.0,
91,4,Anambra,405,RURAL,0.0,38.73067082228117,,
92,4,Anambra,405,RURAL,40064.0,322.49572928523355,,
93,4,Anambra,406,URBAN,0.0,23.346295862068963,,
94,4,Anambra,407,RURAL,0.0,28.869458128078815,,
95,4,Anambra,407,RURAL,40139.0,42.99943057136448,,25620.0
96,4,Anambra,410,RURAL,0.0,34.36211887356322,,
97,4,Anambra,410,RURAL,40122.0,214.99715285682237,20000.0,
98,4,Anambra,410,URBAN,0.0,39.49534725952813,,
99,4,Anambra,411,URBAN,0.0,34.78781778627442,,
100,4,Anambra,412,RURAL,0.0,31.33942020434227,,
101,4,Anambra,412,RURAL,40119.0,214.99715285682237,40000.0,
102,4,Anambra,412,RURAL,40120.0,214.99715285682237,20000.0,
103,4,Anambra,413,RURAL,0.0,59.3372099770115,,
104,4,Anambra,414,URBAN,0.0,33.811562971803724,,
105,4,Anambra,415,URBAN,0.0,22.833424433497537,,
106,4,Anambra,415,URBAN,40045.0,171.9977222854579,,
107,4,Anambra,416,URBAN,0.0,39.09748163218391,,
108,4,Anambra,417,URBAN,0.0,58.493271141642055,,
109,4,Anambra,418,URBAN,0.0,40.199309546279494,,
110,4,Anambra,419,RURAL,0.0,46.95293153605016,,
111,4,Anambra,421,URBAN,0.0,81.45493567639257,,
112,5,Bauchi,501,RURAL,0.0,53.246347894844405,,
113,5,Bauchi,501,RURAL,50071.0,214.99715285682237,10000.0,
114,5,Bauchi,501,RURAL,50072.0,429.99430571364474,20000.0,36500.0
115,5,Bauchi,501,RURAL,50073.0,214.99715285682237,,
116,5,Bauchi,501,RURAL,50074.0,257.99658342818685,,700.0
117,5,Bauchi,501,RURAL,50075.0,150.49800699977567,20000.0,24000.0
118,5,Bauchi,501,RURAL,50076.0,214.99715285682237,12000.0,
119,5,Bauchi,501,RURAL,50078.0,322.49572928523355,,
120,5,Bauchi,501,RURAL,50080.0,128.99829171409343,,
121,5,Bauchi,502,RURAL,0.0,91.60344827586206,,
122,5,Bauchi,502,RURAL,50031.0,214.99715285682237,,
123,5,Bauchi,502,RURAL,50040.0,107.49857642841118,13000.0,
124,5,Bauchi,502,URBAN,0.0,57.97456738505747,,
125,5,Bauchi,502,URBAN,50011.0,601.9920279991027,18333.333333333332,
126,5,Bauchi,502,URBAN,50013.0,429.99430571364474,50000.0,112500.0
127,5,Bauchi,502,URBAN,50014.0,730.9903197131961,,10000.0
128,5,Bauchi,502,URBAN,50015.0,365.49515985659804,,90000.0
129,5,Bauchi,502,URBAN,50016.0,257.99658342818685,61666.666666666664,
130,5,Bauchi,502,URBAN,50017.0,214.99715285682237,60000.0,30000.0
131,5,Bauchi,502,URBAN,50018.0,257.99658342818685,50000.0,10000.0
132,5,Bauchi,502,URBAN,50019.0,322.49572928523355,33333.333333333336,
133,5,Bauchi,502,URBAN,50020.0,214.99715285682237,200000.0,38000.0
134,5,Bauchi,504,RURAL,0.0,34.76999448275863,,
135,5,Bauchi,504,RURAL,50044.0,107.49857642841118,,22000.0
136,5,Bauchi,506,RURAL,0.0,37.17241379310345,,
137,5,Bauchi,508,RURAL,0.0,26.48911752873563,,
138,5,Bauchi,508,RURAL,50091.0,107.49857642841118,30000.0,
139,5,Bauchi,508,RURAL,50118.0,150.49800699977567,,
140,5,Bauchi,510,RURAL,0.0,41.95172413793104,,
141,5,Bauchi,510,URBAN,0.0,62.05940248768473,,
142,5,Bauchi,510,URBAN,50121.0,150.49800699977567,15000.0,10000.0
143,5,Bauchi,510,URBAN,50124.0,537.492882142056,,40000.0
144,5,Bauchi,510,URBAN,50125.0,128.99829171409343,,66500.0
145,5,Bauchi,510,URBAN,50126.0,343.9954445709158,,40000.0
146,5,Bauchi,510,URBAN,50127.0,107.49857642841118,,105000.0
147,5,Bauchi,510,URBAN,50128.0,150.49800699977567,,
148,5,Bauchi,510,URBAN,50129.0,107.49857642841118,,80000.0
149,5,Bauchi,513,RURAL,0.0,73.01724137931035,,
150,5,Bauchi,514,RURAL,0.0,46.283448275862064,,
151,5,Bauchi,514,URBAN,0.0,21.95126330049261,,
152,5,Bauchi,514,URBAN,50101.0,429.99430571364474,,21000.0
153,5,Bauchi,514,URBAN,50102.0,107.49857642841118,,
154,5,Bauchi,514,URBAN,50103.0,75.24900349988783,,
155,5,Bauchi,514,URBAN,50104.0,429.99430571364474,16000.0,
156,5,Bauchi,514,URBAN,50106.0,537.492882142056,,
157,5,Bauchi,514,URBAN,50107.0,214.99715285682237,,50000.0
158,5,Bauchi,514,URBAN,50109.0,64.49914585704671,,
159,5,Bauchi,514,URBAN,50110.0,107.49857642841118,280000.0,47000.0
160,5,Bauchi,515,RURAL,0.0,57.5287356321839,,
161,5,Bauchi,516,RURAL,0.0,18.586206896551726,,
162,5,Bauchi,518,RURAL,0.0,66.80823172413793,,
163,5,Bauchi,518,RURAL,50136.0,429.99430571364474,15000.0,
164,5,Bauchi,518,RURAL,50151.0,42.99943057136448,5000.0,
165,5,Bauchi,518,RURAL,50153.0,64.49914585704671,50000.0,
166,5,Bauchi,518,RURAL,50154.0,107.49857642841118,20000.0,
167,5,Bauchi,518,RURAL,50156.0,214.99715285682237,,
168,5,Bauchi,518,RURAL,50157.0,214.99715285682237,104000.0,
169,5,Bauchi,520,RURAL,0.0,40.270114942528735,,
170,6,Bayelsa,601,RURAL,0.0,26.63929209913171,,
171,6,Bayelsa,602,RURAL,0.0,18.333333333333332,,
172,6,Bayelsa,605,RURAL,0.0,64.21349851789923,,
173,6,Bayelsa,606,RURAL,0.0,31.852987985941667,,
174,6,Bayelsa,607,RURAL,0.0,103.61457429679932,,
175,6,Bayelsa,608,RURAL,0.0,48.50344827586207,,
176,6,Bayelsa,608,RURAL,60068.0,85.99886114272896,,15000.0
177,6,Bayelsa,608,URBAN,0.0,59.08572637050725,,
178,7,Benue,701,RURAL,0.0,52.43054827586207,,
179,7,Benue,701,RURAL,70105.0,10.74985764284112,,
180,7,Benue,702,RURAL,0.0,41.61724137931035,,
181,7,Benue,704,RURAL,0.0,31.86206896551724,,
182,7,Benue,704,RURAL,80161.0,85.99886114272896,,
183,7,Benue,705,RURAL,0.0,90.27586206896551,,
184,7,Benue,707,RURAL,0.0,90.0,,
185,7,Benue,708,RURAL,0.0,26.551724137931032,,
186,7,Benue,710,RURAL,0.0,15.93103448275862,,
187,7,Benue,713,RURAL,0.0,44.963983542319745,,
188,7,Benue,715,RURAL,0.0,50.0603448275862,,
189,7,Benue,715,URBAN,0.0,98.38840027916035,,
190,7,Benue,715,URBAN,70143.0,257.99658342818685,,
191,7,Benue,717,RURAL,0.0,15.5,,
192,7,Benue,718,RURAL,0.0,48.49894344827586,,
193,7,Benue,719,URBAN,0.0,67.20807272397975,,
194,7,Benue,719,URBAN,70085.0,53.74928821420559,,
195,7,Benue,719,URBAN,70087.0,85.99886114272896,,
196,7,Benue,719,URBAN,70088.0,161.24786464261678,,
197,7,Benue,722,RURAL,0.0,40.737931034482756,,
198,8,Borno,805,RURAL,0.0,201.16337892567984,,
199,8,Borno,805,RURAL,80093.0,429.99430571364474,,4000.0
200,8,Borno,805,RURAL,80097.0,644.9914585704671,,75000.0
201,8,Borno,805,RURAL,80098.0,171.9977222854579,,85000.0
202,8,Borno,805,RURAL,80099.0,75.24900349988783,,
203,8,Borno,805,RURAL,80100.0,644.9914585704671,,110500.0
204,8,Borno,813,RURAL,0.0,167.9142540187726,,
205,8,Borno,813,RURAL,80002.0,107.49857642841118,,69000.0
206,8,Borno,813,RURAL,80006.0,64.49914585704671,,
207,8,Borno,813,RURAL,80007.0,322.49572928523355,,12000.0
208,8,Borno,813,RURAL,80008.0,257.99658342818685,100000.0,
209,8,Borno,815,RURAL,0.0,132.75862068965517,,
210,8,Borno,815,RURAL,80201.0,429.99430571364474,,13000.0
211,8,Borno,815,RURAL,80202.0,42.99943057136448,,8050.0
212,8,Borno,815,RURAL,80203.0,429.99430571364474,,45000.0
213,8,Borno,815,RURAL,80204.0,859.9886114272895,,300000.0
214,8,Borno,815,RURAL,80205.0,429.99430571364474,,
215,8,Borno,815,RURAL,80208.0,107.49857642841118,,
216,8,Borno,815,RURAL,80210.0,128.99829171409343,,
217,8,Borno,820,RURAL,80141.0,21.49971528568224,,
218,8,Borno,821,URBAN,0.0,179.01214477660722,,
219,8,Borno,821,URBAN,80011.0,214.99715285682237,,
220,8,Borno,821,URBAN,80014.0,128.99829171409343,,
221,8,Borno,821,URBAN,80015.0,128.99829171409343,,
222,8,Borno,821,URBAN,80017.0,343.9954445709158,,
223,8,Borno,821,URBAN,80019.0,171.9977222854579,,
224,8,Borno,821,URBAN,80020.0,214.99715285682237,,
225,8,Borno,821,URBAN,80021.0,53.74928821420559,,
226,8,Borno,821,URBAN,80022.0,1289.9829171409342,,
227,8,Borno,821,URBAN,80023.0,322.49572928523355,,
228,8,Borno,821,URBAN,80024.0,53.74928821420559,,
229,8,Borno,821,URBAN,80026.0,214.99715285682237,,
230,8,Borno,821,URBAN,80027.0,322.49572928523355,4000.0,7000.0
231,8,Borno,821,URBAN,80028.0,85.99886114272896,,
232,8,Borno,824,RURAL,0.0,59.88505747126437,,
233,8,Borno,824,RURAL,80151.0,214.99715285682237,,
234,8,Borno,824,RURAL,80152.0,107.49857642841118,,
235,8,Borno,824,RURAL,80153.0,107.49857642841118,,
236,8,Borno,824,RURAL,80154.0,107.49857642841118,,
237,8,Borno,824,RURAL,80155.0,107.49857642841118,,
238,8,Borno,824,RURAL,80156.0,429.99430571364474,,
239,8,Borno,824,RURAL,80157.0,42.99943057136448,,
240,8,Borno,824,RURAL,80158.0,214.99715285682237,100000.0,
241,8,Borno,824,RURAL,80159.0,42.99943057136448,,
242,8,Borno,824,RURAL,80160.0,107.49857642841118,,
243,8,Borno,827,RURAL,0.0,132.75862068965517,,
244,8,Borno,827,RURAL,80101.0,182.74757992829902,,
245,8,Borno,827,RURAL,80102.0,214.99715285682237,,
246,8,Borno,827,RURAL,80103.0,171.9977222854579,,
247,9,Cross River,901,RURAL,0.0,23.700660658307207,,
248,9,Cross River,901,RURAL,90049.0,64.49914585704671,,
249,9,Cross River,903,RURAL,0.0,93.35595517241379,,
250,9,Cross River,905,RURAL,0.0,87.26705804597702,,
251,9,Cross River,907,RURAL,0.0,47.38577586206897,,
252,9,Cross River,908,URBAN,0.0,94.70469785902122,,
253,9,Cross River,908,URBAN,90001.0,214.99715285682237,,
254,9,Cross River,909,URBAN,0.0,63.496576436781616,,
255,9,Cross River,910,RURAL,0.0,124.48275862068967,,
256,9,Cross River,912,RURAL,0.0,47.486590038314176,,
257,9,Cross River,913,RURAL,0.0,15.1,,
258,9,Cross River,914,RURAL,0.0,47.793103448275865,,
259,9,Cross River,915,URBAN,0.0,26.515517241379314,,
260,9,Cross River,916,RURAL,0.0,41.876842946708464,,
261,9,Cross River,917,URBAN,0.0,50.68467691591058,,
262,9,Cross River,918,RURAL,0.0,64.42000459770115,,
263,9,Cross River,918,RURAL,90100.0,257.99658342818685,200000.0,
264,10,Delta,1001,RURAL,0.0,46.30689655172414,,
265,10,Delta,1002,RURAL,0.0,73.10344827586206,,
266,10,Delta,1005,RURAL,0.0,35.117938448275865,,
267,10,Delta,1005,RURAL,100088.0,214.99715285682237,,
268,10,Delta,1005,URBAN,0.0,30.092530243407708,,
269,10,Delta,1007,URBAN,0.0,32.0,,
270,10,Delta,1008,RURAL,0.0,51.160024160177976,,
271,10,Delta,1010,RURAL,0.0,63.10365775664319,,
272,10,Delta,1012,RURAL,0.0,56.092150610379164,,
273,10,Delta,1014,RURAL,0.0,60.28603505498144,,
274,10,Delta,1014,URBAN,0.0,45.0,,
275,10,Delta,1015,URBAN,0.0,53.04035344827586,,
276,10,Delta,1018,RURAL,0.0,20.544274827586207,,
277,10,Delta,1018,RURAL,100105.0,42.99943057136448,,
278,10,Delta,1018,RURAL,100109.0,214.99715285682237,,
279,10,Delta,1018,URBAN,0.0,125.835564108443,,
280,10,Delta,1020,URBAN,0.0,32.077888575252,,
281,10,Delta,1020,URBAN,100123.0,1074.985764284112,,
282,10,Delta,1020,URBAN,100125.0,322.49572928523355,,
283,10,Delta,1020,URBAN,100128.0,107.49857642841118,,
284,10,Delta,1021,RURAL,0.0,38.95043103448276,,
285,10,Delta,1025,RURAL,0.0,70.39587866176011,,
286,11,Ebonyi,1101,RURAL,0.0,24.090595611285266,,
287,11,Ebonyi,1101,URBAN,0.0,28.346295862068963,,
288,11,Ebonyi,1102,RURAL,0.0,15.853527192118227,,
289,11,Ebonyi,1104,RURAL,0.0,10.0,,
290,11,Ebonyi,1104,URBAN,0.0,47.040098841557246,,
291,11,Ebonyi,1104,URBAN,110002.0,128.99829171409343,,25000.0
292,11,Ebonyi,1104,URBAN,110005.0,107.49857642841118,,45000.0
293,11,Ebonyi,1105,RURAL,0.0,178.65277768472907,,
294,11,Ebonyi,1106,RURAL,0.0,17.333333333333332,,
295,11,Ebonyi,1107,RURAL,0.0,14.136494252873563,,
296,11,Ebonyi,1108,RURAL,0.0,24.8837468338558,,
297,11,Ebonyi,1109,RURAL,0.0,14.76781510889292,,
298,11,Ebonyi,1110,RURAL,0.0,17.675324425287354,,
299,11,Ebonyi,1112,RURAL,0.0,18.78188787541713,,
300,11,Ebonyi,1113,RURAL,0.0,23.41529724137931,,
301,12,Edo,1202,URBAN,0.0,52.11140646962233,,
302,12,Edo,1202,URBAN,120011.0,107.49857642841118,,
303,12,Edo,1202,URBAN,120014.0,107.49857642841118,,
304,12,Edo,1202,URBAN,120015.0,107.49857642841118,,
305,12,Edo,1202,URBAN,120018.0,214.99715285682237,,
306,12,Edo,1202,URBAN,120019.0,150.49800699977567,100000.0,
307,12,Edo,1202,URBAN,120023.0,150.49800699977567,,
308,12,Edo,1202,URBAN,120024.0,42.99943057136448,150000.0,3000.0
309,12,Edo,1202,URBAN,120027.0,42.99943057136448,,
310,12,Edo,1202,URBAN,120030.0,85.99886114272896,50000.0,23166.666666666668
311,12,Edo,1204,RURAL,0.0,48.26475708812261,,
312,12,Edo,1208,RURAL,0.0,31.801066531440163,,
313,12,Edo,1210,RURAL,0.0,38.18118992042441,,
314,12,Edo,1211,URBAN,0.0,77.3622298258194,,
315,12,Edo,1211,URBAN,120001.0,150.49800699977567,,92500.0
316,12,Edo,1211,URBAN,120007.0,107.49857642841118,100000.0,65000.0
317,12,Edo,1211,URBAN,120008.0,128.99829171409343,,
318,12,Edo,1211,URBAN,120010.0,85.99886114272896,,
319,12,Edo,1211,URBAN,120081.0,171.9977222854579,,
320,12,Edo,1211,URBAN,120082.0,107.49857642841118,,
321,12,Edo,1211,URBAN,120086.0,171.9977222854579,,
322,12,Edo,1211,URBAN,120087.0,107.49857642841118,80000.0,40000.0
323,12,Edo,1211,URBAN,120089.0,107.49857642841118,,
324,12,Edo,1211,URBAN,120090.0,85.99886114272896,,2000.0
325,12,Edo,1212,URBAN,0.0,50.32177019704434,,
326,12,Edo,1212,URBAN,120032.0,171.9977222854579,,15000.0
327,12,Edo,1212,URBAN,120036.0,322.49572928523355,,
328,12,Edo,1212,URBAN,120037.0,128.99829171409343,,
329,12,Edo,1212,URBAN,120038.0,42.99943057136448,,
330,12,Edo,1214,RURAL,0.0,37.08965517241379,,
331,12,Edo,1216,RURAL,0.0,41.12068965517241,,
332,13,Ekiti,1301,URBAN,0.0,51.06985610977027,,
333,13,Ekiti,1303,URBAN,0.0,43.577220043103445,,
334,13,Ekiti,1305,RURAL,0.0,76.03689602122016,,
335,13,Ekiti,1305,RURAL,130067.0,64.49914585704671,,
336,13,Ekiti,1305,RURAL,130068.0,64.49914585704671,,
337,13,Ekiti,1305,URBAN,0.0,36.54702194357367,,
338,13,Ekiti,1307,URBAN,0.0,43.99655172413793,,
339,13,Ekiti,1307,URBAN,130029.0,214.99715285682237,,22000.0
340,13,Ekiti,1308,RURAL,0.0,20.0,,
341,13,Ekiti,1309,RURAL,0.0,47.454535129310344,,
342,13,Ekiti,1310,URBAN,0.0,70.75062417047904,,
343,13,Ekiti,1310,URBAN,130003.0,128.99829171409343,,6500.0
344,13,Ekiti,1310,URBAN,130004.0,42.99943057136448,35000.0,29000.0
345,13,Ekiti,1311,URBAN,0.0,265.51724137931035,,
346,13,Ekiti,1314,URBAN,0.0,34.88155979741945,,
347,13,Ekiti,1314,URBAN,130014.0,107.49857642841118,,
348,13,Ekiti,1316,URBAN,0.0,165.97762327586207,,
349,14,Enugu,1401,RURAL,0.0,21.5625,,
350,14,Enugu,1403,RURAL,0.0,110.95378189655173,,
351,14,Enugu,1403,URBAN,0.0,72.25185801537216,,
352,14,Enugu,1404,URBAN,0.0,28.44853442901442,,
353,14,Enugu,1404,URBAN,140100.0,214.99715285682237,,2000.0
354,14,Enugu,1406,RURAL,0.0,13.444984298850574,,
355,14,Enugu,1407,RURAL,0.0,22.537423597290637,,
356,14,Enugu,1407,RURAL,140012.0,42.99943057136448,40000.0,
357,14,Enugu,1408,RURAL,0.0,26.63970459770115,,
358,14,Enugu,1408,RURAL,140102.0,107.49857642841118,300000.0,120000.0
359,14,Enugu,1408,RURAL,140110.0,42.99943057136448,,
360,14,Enugu,1410,RURAL,0.0,14.779797742946709,,
361,14,Enugu,1411,RURAL,0.0,18.021248673740054,,
362,14,Enugu,1413,RURAL,0.0,26.830992635467982,,
363,14,Enugu,1413,URBAN,0.0,15.564523122605364,,
364,14,Enugu,1415,RURAL,0.0,32.705530784780024,,
365,14,Enugu,1415,RURAL,140048.0,107.49857642841118,,
366,14,Enugu,1415,RURAL,140136.0,322.49572928523355,,
367,14,Enugu,1415,RURAL,140140.0,171.9977222854579,5000.0,
368,14,Enugu,1416,RURAL,0.0,18.38931733716475,,
369,15,Gombe,1501,RURAL,0.0,44.944975862068965,,
370,15,Gombe,1501,RURAL,150072.0,257.99658342818685,,40600.0
371,15,Gombe,1502,RURAL,0.0,26.71551724137931,,
372,15,Gombe,1503,RURAL,0.0,74.93064083689279,,
373,15,Gombe,1503,RURAL,150062.0,42.99943057136448,100000.0,25500.0
374,15,Gombe,1503,RURAL,150063.0,85.99886114272896,,
375,15,Gombe,1503,RURAL,150064.0,107.49857642841118,,
376,15,Gombe,1503,RURAL,150067.0,85.99886114272896,,7000.0
377,15,Gombe,1503,RURAL,150068.0,171.9977222854579,100000.0,26000.0
378,15,Gombe,1506,URBAN,0.0,74.00279311198868,,
379,15,Gombe,1506,URBAN,150001.0,128.99829171409343,,
380,15,Gombe,1506,URBAN,150002.0,644.9914585704671,110000.0,25000.0
381,15,Gombe,1506,URBAN,150003.0,214.99715285682237,35000.0,41666.666666666664
382,15,Gombe,1506,URBAN,150004.0,257.99658342818685,150000.0,
383,15,Gombe,1506,URBAN,150007.0,644.9914585704671,10000.0,12000.0
384,15,Gombe,1506,URBAN,150008.0,644.9914585704671,,
385,15,Gombe,1506,URBAN,150075.0,85.99886114272896,,
386,15,Gombe,1506,URBAN,150076.0,96.74871878557008,30000.0,
387,15,Gombe,1506,URBAN,150077.0,472.9937362850093,,55000.0
388,15,Gombe,1506,URBAN,150078.0,429.99430571364474,,
389,15,Gombe,1506,URBAN,150080.0,1827.47579928299,,280000.0
390,15,Gombe,1507,RURAL,0.0,57.33828635057471,,
391,15,Gombe,1507,RURAL,150052.0,644.9914585704671,,
392,15,Gombe,1507,RURAL,150054.0,64.49914585704671,,35000.0
393,15,Gombe,1507,RURAL,150056.0,429.99430571364474,5000.0,
394,15,Gombe,1507,RURAL,150058.0,150.49800699977567,30000.0,
395,15,Gombe,1508,RURAL,0.0,48.908657758620684,,
396,15,Gombe,1508,RURAL,150011.0,128.99829171409343,,
397,15,Gombe,1508,RURAL,150079.0,752.4900349988783,,23000.0
398,15,Gombe,1510,RURAL,0.0,89.0344827586207,,
399,15,Gombe,1510,RURAL,150041.0,322.49572928523355,100000.0,
400,15,Gombe,1510,RURAL,150042.0,644.9914585704671,,
401,15,Gombe,1510,RURAL,150046.0,85.99886114272896,,
402,15,Gombe,1510,RURAL,150050.0,644.9914585704671,,
403,15,Gombe,1511,RURAL,0.0,35.88811517241379,,
404,15,Gombe,1511,RURAL,150023.0,171.9977222854579,30000.0,
405,15,Gombe,1511,RURAL,150025.0,171.9977222854579,55000.0,
406,15,Gombe,1511,RURAL,150028.0,193.49743757114015,12000.0,
407,15,Gombe,1511,RURAL,150029.0,322.49572928523355,,
408,16,Imo,1601,RURAL,0.0,21.686997020689656,,
409,16,Imo,1601,RURAL,160095.0,687.9908891418316,,
410,16,Imo,1601,RURAL,160096.0,64.49914585704671,,
411,16,Imo,1601,RURAL,160097.0,429.99430571364474,40000.0,
412,16,Imo,1601,RURAL,160100.0,214.99715285682237,2000.0,
413,16,Imo,1602,RURAL,0.0,26.179538656987297,,
414,16,Imo,1602,RURAL,160026.0,322.49572928523355,,
415,16,Imo,1603,RURAL,0.0,24.565190060851926,,
416,16,Imo,1603,RURAL,160179.0,64.49914585704671,100000.0,
417,16,Imo,1605,RURAL,0.0,21.014588859416445,,
418,16,Imo,1605,RURAL,160151.0,85.99886114272896,,
419,16,Imo,1605,RURAL,160152.0,64.49914585704671,20000.0,
420,16,Imo,1606,RURAL,0.0,27.84051724137931,,
421,16,Imo,1608,RURAL,0.0,24.724949727767697,,
422,16,Imo,1609,RURAL,0.0,49.86406721618037,,
423,16,Imo,1610,RURAL,0.0,21.746514595211327,,
424,16,Imo,1611,RURAL,0.0,35.0,,
425,16,Imo,1612,RURAL,0.0,45.46188781979978,,
426,16,Imo,1612,RURAL,160045.0,322.49572928523355,50000.0,80000.0
427,16,Imo,1612,RURAL,160174.0,214.99715285682237,,
428,16,Imo,1613,RURAL,0.0,21.222400328407225,,
429,16,Imo,1616,RURAL,0.0,56.604509292013226,,
430,16,Imo,1616,RURAL,160062.0,193.49743757114015,,
431,16,Imo,1618,RURAL,0.0,34.40344827586207,,
432,16,Imo,1620,RURAL,0.0,24.32183908045977,,
433,16,Imo,1620,RURAL,160074.0,128.99829171409343,,20000.0
434,16,Imo,1620,RURAL,160079.0,64.49914585704671,,
435,16,Imo,1620,RURAL,160080.0,42.99943057136448,,
436,16,Imo,1622,RURAL,0.0,29.554072413793104,,
437,16,Imo,1622,URBAN,0.0,45.93103448275862,,
438,16,Imo,1624,URBAN,0.0,32.76066510107016,,
439,16,Imo,1624,URBAN,160110.0,214.99715285682237,20000.0,
440,16,Imo,1625,RURAL,0.0,84.87798557995875,,
441,16,Imo,1625,URBAN,0.0,79.65517241379311,,
442,16,Imo,1626,RURAL,0.0,86.168064002698,,
443,16,Imo,1626,RURAL,160001.0,171.9977222854579,,
444,16,Imo,1626,RURAL,160002.0,429.99430571364474,,
445,17,Jigawa,1702,RURAL,0.0,54.87356321839081,,
446,17,Jigawa,1702,RURAL,170092.0,429.99430571364474,,
447,17,Jigawa,1702,RURAL,170093.0,214.99715285682237,,
448,17,Jigawa,1702,RURAL,170095.0,214.99715285682237,,
449,17,Jigawa,1704,RURAL,0.0,39.827586206896555,,
450,17,Jigawa,1704,RURAL,170027.0,42.99943057136448,,
451,17,Jigawa,1704,URBAN,0.0,30.935960591133007,,
452,17,Jigawa,1704,URBAN,170031.0,150.49800699977567,,50000.0
453,17,Jigawa,1704,URBAN,170038.0,107.49857642841118,,
454,17,Jigawa,1710,RURAL,170062.0,85.99886114272896,,
455,17,Jigawa,1710,RURAL,170065.0,322.49572928523355,,
456,17,Jigawa,1710,RURAL,170066.0,214.99715285682237,,
457,17,Jigawa,1710,RURAL,170067.0,257.99658342818685,,
458,17,Jigawa,1710,RURAL,170068.0,322.49572928523355,,
459,17,Jigawa,1710,RURAL,170069.0,214.99715285682237,,
460,17,Jigawa,1710,RURAL,170070.0,214.99715285682237,,
461,17,Jigawa,1712,RURAL,0.0,71.6896551724138,,
462,17,Jigawa,1712,RURAL,170111.0,322.49572928523355,,
463,17,Jigawa,1712,RURAL,170114.0,214.99715285682237,,
464,17,Jigawa,1712,RURAL,170116.0,85.99886114272896,,
465,17,Jigawa,1712,RURAL,170118.0,214.99715285682237,,
466,17,Jigawa,1713,URBAN,0.0,41.05218297413793,,
467,17,Jigawa,1713,URBAN,170071.0,859.9886114272895,,
468,17,Jigawa,1713,URBAN,170072.0,214.99715285682237,,58000.0
469,17,Jigawa,1713,URBAN,170073.0,257.99658342818685,,39000.0
470,17,Jigawa,1713,URBAN,170074.0,322.49572928523355,,
471,17,Jigawa,1713,URBAN,170075.0,644.9914585704671,,
472,17,Jigawa,1713,URBAN,170076.0,171.9977222854579,,
473,17,Jigawa,1713,URBAN,170077.0,859.9886114272895,,20000.0
474,17,Jigawa,1713,URBAN,170079.0,214.99715285682237,,
475,17,Jigawa,1715,RURAL,0.0,331.946551724138,,
476,17,Jigawa,1715,RURAL,170052.0,214.99715285682237,,
477,17,Jigawa,1715,RURAL,170054.0,128.99829171409343,,
478,17,Jigawa,1715,RURAL,170057.0,322.49572928523355,,
479,17,Jigawa,1716,RURAL,170081.0,85.99886114272896,,
480,17,Jigawa,1716,RURAL,170083.0,322.49572928523355,,
481,17,Jigawa,1716,RURAL,170087.0,214.99715285682237,,
482,17,Jigawa,1722,RURAL,0.0,95.58620689655173,,
483,17,Jigawa,1724,RURAL,0.0,53.103448275862064,,
484,17,Jigawa,1724,RURAL,170121.0,128.99829171409343,,
485,17,Jigawa,1724,RURAL,170122.0,150.49800699977567,,
486,17,Jigawa,1724,RURAL,170126.0,322.49572928523355,,
487,17,Jigawa,1724,RURAL,170128.0,150.49800699977567,,
488,17,Jigawa,1724,RURAL,170129.0,150.49800699977567,,
489,17,Jigawa,1724,RURAL,170130.0,32.24957292852336,,
490,17,Jigawa,1727,RURAL,0.0,53.103448275862064,,
491,17,Jigawa,1727,RURAL,170109.0,322.49572928523355,300000.0,57000.0
492,18,Kaduna,1803,RURAL,0.0,60.26982166916894,,
493,18,Kaduna,1803,RURAL,180033.0,644.9914585704671,,10000.0
494,18,Kaduna,1803,RURAL,180036.0,214.99715285682237,,80000.0
495,18,Kaduna,1803,RURAL,180038.0,429.99430571364474,,
496,18,Kaduna,1804,URBAN,0.0,43.18846400862069,,
497,18,Kaduna,1804,URBAN,180001.0,214.99715285682237,,
498,18,Kaduna,1804,URBAN,180002.0,107.49857642841118,,
499,18,Kaduna,1804,URBAN,180003.0,322.49572928523355,,
500,18,Kaduna,1804,URBAN,180004.0,279.4962987138691,,
501,18,Kaduna,1804,URBAN,180005.0,343.9954445709158,,
502,18,Kaduna,1804,URBAN,180006.0,107.49857642841118,,
503,18,Kaduna,1804,URBAN,180009.0,64.49914585704671,,
504,18,Kaduna,1805,RURAL,0.0,29.870689655172413,,
505,18,Kaduna,1808,RURAL,0.0,41.23792315270936,,
506,18,Kaduna,1808,RURAL,180074.0,85.99886114272896,,
507,18,Kaduna,1809,URBAN,0.0,59.820495816091956,,
508,18,Kaduna,1809,URBAN,180012.0,21.49971528568224,,11000.0
509,18,Kaduna,1809,URBAN,180015.0,150.49800699977567,,
510,18,Kaduna,1809,URBAN,180018.0,171.9977222854579,,5666.666666666667
511,18,Kaduna,1809,URBAN,180019.0,42.99943057136448,,25000.0
512,18,Kaduna,1811,RURAL,0.0,55.01724137931034,,
513,18,Kaduna,1816,URBAN,0.0,61.91349325255939,,
514,18,Kaduna,1816,URBAN,180041.0,150.49800699977567,,
515,18,Kaduna,1816,URBAN,180044.0,34.39954445709158,,
516,18,Kaduna,1816,URBAN,180045.0,429.99430571364474,,
517,18,Kaduna,1816,URBAN,180046.0,85.99886114272896,,
518,18,Kaduna,1816,URBAN,180047.0,214.99715285682237,,
519,18,Kaduna,1816,URBAN,180049.0,107.49857642841118,,3895018.0
520,18,Kaduna,1816,URBAN,180050.0,85.99886114272896,,
521,18,Kaduna,1817,RURAL,0.0,52.88216382155348,,
522,18,Kaduna,1817,RURAL,180061.0,257.99658342818685,,
523,18,Kaduna,1817,RURAL,180063.0,322.49572928523355,,
524,18,Kaduna,1817,RURAL,180064.0,214.99715285682237,,
525,18,Kaduna,1817,RURAL,180065.0,128.99829171409343,,
526,18,Kaduna,1817,RURAL,180066.0,171.9977222854579,,
527,18,Kaduna,1817,RURAL,180067.0,214.99715285682237,,
528,18,Kaduna,1817,RURAL,180068.0,75.24900349988783,,
529,18,Kaduna,1817,RURAL,180107.0,322.49572928523355,,
530,18,Kaduna,1817,RURAL,180110.0,214.99715285682237,,
531,18,Kaduna,1820,RURAL,0.0,31.23275862068966,,
532,18,Kaduna,1822,RURAL,0.0,40.16161871921182,,
533,18,Kaduna,1822,RURAL,180102.0,150.49800699977567,,
534,18,Kaduna,1822,RURAL,180103.0,257.99658342818685,200000.0,
535,18,Kaduna,1823,URBAN,0.0,55.00927089632324,,
536,18,Kaduna,1823,URBAN,180022.0,386.9948751422803,50000.0,
537,18,Kaduna,1823,URBAN,180024.0,85.99886114272896,,15000.0
538,18,Kaduna,1823,URBAN,180026.0,85.99886114272896,40000.0,30000.0
539,18,Kaduna,1823,URBAN,180027.0,107.49857642841118,,
540,18,Kaduna,1823,URBAN,180028.0,214.99715285682237,,
541,18,Kaduna,1823,URBAN,180029.0,171.9977222854579,,
542,18,Kaduna,1823,URBAN,180030.0,214.99715285682237,,
543,19,Kano,1901,RURAL,0.0,13.275862068965516,,
544,19,Kano,1901,RURAL,190041.0,752.4900349988783,,
545,19,Kano,1901,RURAL,190044.0,752.4900349988783,,
546,19,Kano,1901,RURAL,190045.0,795.4894655702428,,
547,19,Kano,1902,RURAL,190076.0,21.49971528568224,,
548,19,Kano,1902,RURAL,190078.0,644.9914585704671,,
549,19,Kano,1902,RURAL,190079.0,537.492882142056,,
550,19,Kano,1902,RURAL,190080.0,580.4923127134205,,
551,19,Kano,1905,RURAL,0.0,16.006896551724136,,
552,19,Kano,1905,RURAL,190121.0,64.49914585704671,,
553,19,Kano,1905,RURAL,190124.0,257.99658342818685,,
554,19,Kano,1905,RURAL,190127.0,214.99715285682237,,
555,19,Kano,1905,RURAL,190128.0,204.24729521398126,,
556,19,Kano,1905,RURAL,190130.0,322.49572928523355,,
557,19,Kano,1908,RURAL,0.0,66.37931034482759,,
558,19,Kano,1910,RURAL,0.0,43.1870875,,
559,19,Kano,1910,RURAL,190132.0,53.74928821420559,,
560,19,Kano,1910,RURAL,190133.0,42.99943057136448,,15000.0
561,19,Kano,1910,RURAL,190134.0,32.24957292852336,,
562,19,Kano,1910,RURAL,190137.0,128.99829171409343,,
563,19,Kano,1910,RURAL,190139.0,193.49743757114015,,
564,19,Kano,1910,RURAL,190140.0,171.9977222854579,,10000.0
565,19,Kano,1912,URBAN,0.0,61.984393594462496,,
566,19,Kano,1912,URBAN,190111.0,322.49572928523355,,
567,19,Kano,1912,URBAN,190112.0,429.99430571364474,,
568,19,Kano,1912,URBAN,190113.0,687.9908891418316,,
569,19,Kano,1912,URBAN,190115.0,644.9914585704671,,
570,19,Kano,1912,URBAN,190116.0,42.99943057136448,,1250.0
571,19,Kano,1912,URBAN,190118.0,687.9908891418316,,
572,19,Kano,1912,URBAN,190119.0,322.49572928523355,,
573,19,Kano,1912,URBAN,190120.0,214.99715285682237,,
574,19,Kano,1914,RURAL,190086.0,429.99430571364474,,
575,19,Kano,1914,RURAL,190087.0,429.99430571364474,,
576,19,Kano,1914,RURAL,190089.0,85.99886114272896,,
577,19,Kano,1916,RURAL,0.0,9.455246551724137,,
578,19,Kano,1916,RURAL,190031.0,128.99829171409343,,
579,19,Kano,1916,RURAL,190032.0,322.49572928523355,,
580,19,Kano,1916,RURAL,190037.0,214.99715285682237,,
581,19,Kano,1916,RURAL,190038.0,150.49800699977567,,
582,19,Kano,1916,RURAL,190039.0,429.99430571364474,,
583,19,Kano,1916,RURAL,190040.0,644.9914585704671,,
584,19,Kano,1919,RURAL,190163.0,21.49971528568224,,
585,19,Kano,1919,RURAL,190169.0,214.99715285682237,,
586,19,Kano,1919,RURAL,190170.0,21.49971528568224,,
587,19,Kano,1921,URBAN,0.0,241.43177781494953,,
588,19,Kano,1921,URBAN,190014.0,1934.9743757114013,,10000.0
589,19,Kano,1921,URBAN,190019.0,429.99430571364474,,
590,19,Kano,1921,URBAN,190020.0,128.99829171409343,,25000.0
591,19,Kano,1923,RURAL,0.0,29.344887052782166,,
592,19,Kano,1923,RURAL,190192.0,214.99715285682237,,58500.0
593,19,Kano,1923,RURAL,190194.0,171.9977222854579,,23500.0
594,19,Kano,1923,RURAL,190195.0,214.99715285682237,,120000.0
595,19,Kano,1923,RURAL,190196.0,53.74928821420559,,
596,19,Kano,1923,RURAL,190197.0,42.99943057136448,,140000.0
597,19,Kano,1923,RURAL,190198.0,128.99829171409343,,
598,19,Kano,1923,RURAL,190200.0,64.49914585704671,,
599,19,Kano,1925,RURAL,0.0,102.7221858386235,,
600,19,Kano,1925,RURAL,190001.0,214.99715285682237,,
601,19,Kano,1925,RURAL,190003.0,107.49857642841118,,
602,19,Kano,1925,RURAL,190005.0,429.99430571364474,,
603,19,Kano,1925,RURAL,190006.0,644.9914585704671,,
604,19,Kano,1925,RURAL,190007.0,644.9914585704671,,
605,19,Kano,1925,RURAL,190008.0,150.49800699977567,,
606,19,Kano,1925,RURAL,190009.0,429.99430571364474,,45000.0
607,19,Kano,1925,RURAL,190010.0,859.9886114272895,,52000.0
608,19,Kano,1925,URBAN,0.0,28.473807931034486,,
609,19,Kano,1925,URBAN,80029.0,214.99715285682237,,15000.0
610,19,Kano,1925,URBAN,190105.0,64.49914585704671,,
611,19,Kano,1925,URBAN,190106.0,42.99943057136448,,
612,19,Kano,1928,RURAL,0.0,24.560344827586206,,
613,19,Kano,1928,RURAL,190175.0,21.49971528568224,,
614,19,Kano,1928,RURAL,190177.0,257.99658342818685,,
615,19,Kano,1932,RURAL,0.0,145.04597701149427,,
616,19,Kano,1932,RURAL,190181.0,139.74814935693456,,
617,19,Kano,1932,RURAL,190182.0,150.49800699977567,,
618,19,Kano,1932,RURAL,190184.0,32.24957292852336,,
619,19,Kano,1932,RURAL,190186.0,214.99715285682237,,
620,19,Kano,1932,RURAL,190187.0,257.99658342818685,,
621,19,Kano,1932,RURAL,190188.0,42.99943057136448,,
622,19,Kano,1932,RURAL,190190.0,128.99829171409343,,
623,19,Kano,1934,RURAL,0.0,31.26436781609195,,
624,19,Kano,1934,RURAL,190151.0,32.24957292852336,660000.0,94000.0
625,19,Kano,1934,RURAL,190153.0,107.49857642841118,,
626,19,Kano,1934,RURAL,190155.0,107.49857642841118,,
627,19,Kano,1934,RURAL,190156.0,42.99943057136448,,
628,19,Kano,1934,RURAL,190159.0,182.74757992829902,,42860.0
629,19,Kano,1936,RURAL,0.0,10.620689655172413,,
630,19,Kano,1936,RURAL,190064.0,386.9948751422803,,
631,19,Kano,1936,RURAL,190065.0,644.9914585704671,,
632,19,Kano,1936,RURAL,190070.0,107.49857642841118,,
633,19,Kano,1937,RURAL,0.0,20.865739655172415,,
634,19,Kano,1937,RURAL,190051.0,644.9914585704671,,
635,19,Kano,1937,RURAL,190053.0,644.9914585704671,,
636,19,Kano,1937,RURAL,190054.0,859.9886114272895,,
637,19,Kano,1937,RURAL,190055.0,150.49800699977567,,21000.0
638,19,Kano,1937,RURAL,190056.0,128.99829171409343,,
639,19,Kano,1937,RURAL,190057.0,300.99601399955134,,800.0
640,19,Kano,1937,RURAL,190058.0,537.492882142056,,
641,19,Kano,1937,RURAL,190059.0,537.492882142056,,
642,19,Kano,1937,RURAL,190060.0,214.99715285682237,100000.0,25500.0
643,19,Kano,1941,RURAL,190091.0,1289.9829171409342,,
644,19,Kano,1941,RURAL,190096.0,644.9914585704671,,
645,19,Kano,1943,RURAL,190023.0,752.4900349988783,,
646,19,Kano,1943,RURAL,190025.0,537.492882142056,,
647,19,Kano,1943,RURAL,190026.0,150.49800699977567,,
648,19,Kano,1943,RURAL,190027.0,42.99943057136448,,
649,19,Kano,1943,RURAL,190030.0,429.99430571364474,,
650,20,Katsina,2001,RURAL,0.0,16.033423946360152,,
651,20,Katsina,2001,RURAL,200091.0,107.49857642841118,,
652,20,Katsina,2001,RURAL,200092.0,214.99715285682237,,
653,20,Katsina,2001,RURAL,200093.0,429.99430571364474,,63000.0
654,20,Katsina,2001,RURAL,200094.0,150.49800699977567,,
655,20,Katsina,2001,RURAL,200095.0,322.49572928523355,,
656,20,Katsina,2001,RURAL,200096.0,107.49857642841118,70.0,
657,20,Katsina,2001,RURAL,200097.0,859.9886114272895,,750000.0
658,20,Katsina,2001,RURAL,200098.0,107.49857642841118,50000.0,28000.0
659,20,Katsina,2001,RURAL,200100.0,171.9977222854579,,
660,20,Katsina,2003,RURAL,0.0,13.75,,
661,20,Katsina,2003,RURAL,200031.0,96.74871878557008,,
662,20,Katsina,2003,RURAL,200032.0,214.99715285682237,,
663,20,Katsina,2003,RURAL,200034.0,214.99715285682237,,
664,20,Katsina,2003,RURAL,200035.0,429.99430571364474,,30000.0
665,20,Katsina,2003,RURAL,200037.0,128.99829171409343,,
666,20,Katsina,2003,RURAL,200040.0,128.99829171409343,,
667,20,Katsina,2005,RURAL,0.0,26.551724137931032,,
668,20,Katsina,2005,RURAL,200024.0,64.49914585704671,,
669,20,Katsina,2005,RURAL,200027.0,42.99943057136448,,
670,20,Katsina,2005,RURAL,200028.0,214.99715285682237,,
671,20,Katsina,2005,RURAL,200029.0,171.9977222854579,50000.0,
672,20,Katsina,2008,RURAL,0.0,8.453201970443349,,
673,20,Katsina,2008,RURAL,200146.0,322.49572928523355,,
674,20,Katsina,2008,RURAL,200148.0,644.9914585704671,200000.0,
675,20,Katsina,2008,RURAL,200149.0,214.99715285682237,,
676,20,Katsina,2009,RURAL,0.0,6.25,,
677,20,Katsina,2009,RURAL,200131.0,128.99829171409343,,53333.333333333336
678,20,Katsina,2009,RURAL,200136.0,429.99430571364474,,
679,20,Katsina,2009,RURAL,200138.0,107.49857642841118,,
680,20,Katsina,2009,RURAL,200139.0,111.79851948554764,,
681,20,Katsina,2009,RURAL,200140.0,429.99430571364474,,
682,20,Katsina,2012,URBAN,0.0,85.17145800981663,,
683,20,Katsina,2012,URBAN,200182.0,644.9914585704671,,103000.0
684,20,Katsina,2012,URBAN,200183.0,537.492882142056,,161000.0
685,20,Katsina,2012,URBAN,200184.0,214.99715285682237,,34000.0
686,20,Katsina,2012,URBAN,200185.0,429.99430571364474,,151000.0
687,20,Katsina,2012,URBAN,200186.0,42.99943057136448,,65000.0
688,20,Katsina,2012,URBAN,200188.0,150.49800699977567,,52000.0
689,20,Katsina,2012,URBAN,200189.0,107.49857642841118,,57000.0
690,20,Katsina,2012,URBAN,200190.0,644.9914585704671,,102500.0
691,20,Katsina,2013,RURAL,0.0,6.25,,
692,20,Katsina,2013,RURAL,200151.0,429.99430571364474,,
693,20,Katsina,2013,RURAL,200152.0,171.9977222854579,,
694,20,Katsina,2013,RURAL,200154.0,214.99715285682237,,
695,20,Katsina,2013,RURAL,200155.0,429.99430571364474,,
696,20,Katsina,2013,RURAL,200157.0,322.49572928523355,,
697,20,Katsina,2013,RURAL,200159.0,171.9977222854579,,
698,20,Katsina,2013,RURAL,200160.0,214.99715285682237,,
699,20,Katsina,2015,RURAL,200072.0,64.49914585704671,,
700,20,Katsina,2015,RURAL,200079.0,107.49857642841118,10000.0,
701,20,Katsina,2018,RURAL,0.0,5.0,,
702,20,Katsina,2019,RURAL,0.0,8.124137931034483,,
703,20,Katsina,2019,RURAL,200121.0,214.99715285682237,,
704,20,Katsina,2019,RURAL,200122.0,322.49572928523355,,
705,20,Katsina,2019,RURAL,200123.0,429.99430571364474,,
706,20,Katsina,2019,RURAL,200125.0,322.49572928523355,,
707,20,Katsina,2019,RURAL,200127.0,429.99430571364474,,
708,20,Katsina,2021,URBAN,0.0,17.545454545454547,,
709,20,Katsina,2021,URBAN,200001.0,257.99658342818685,,
710,20,Katsina,2021,URBAN,200003.0,515.9931668563737,,
711,20,Katsina,2021,URBAN,200004.0,257.99658342818685,,
712,20,Katsina,2021,URBAN,200005.0,107.49857642841118,,110000.0
713,20,Katsina,2021,URBAN,200006.0,322.49572928523355,,
714,20,Katsina,2021,URBAN,200007.0,322.49572928523355,,
715,20,Katsina,2021,URBAN,200009.0,322.49572928523355,,
716,20,Katsina,2022,RURAL,0.0,5.0,,
717,20,Katsina,2022,RURAL,200084.0,128.99829171409343,,
718,20,Katsina,2022,RURAL,200085.0,64.49914585704671,,
719,20,Katsina,2022,RURAL,200090.0,85.99886114272896,,
720,20,Katsina,2025,RURAL,0.0,36.379746394828544,,
721,20,Katsina,2025,RURAL,200102.0,322.49572928523355,,2000.0
722,20,Katsina,2025,RURAL,200103.0,644.9914585704671,,
723,20,Katsina,2025,RURAL,200104.0,644.9914585704671,,
724,20,Katsina,2025,RURAL,200105.0,150.49800699977567,,
725,20,Katsina,2025,RURAL,200106.0,150.49800699977567,,
726,20,Katsina,2025,RURAL,200107.0,107.49857642841118,,78000.0
727,20,Katsina,2025,RURAL,200108.0,644.9914585704671,,
728,20,Katsina,2025,RURAL,200110.0,257.99658342818685,,
729,20,Katsina,2025,RURAL,200111.0,429.99430571364474,,
730,20,Katsina,2025,RURAL,200113.0,64.49914585704671,,
731,20,Katsina,2025,RURAL,200114.0,214.99715285682237,,35000.0
732,20,Katsina,2025,RURAL,200116.0,214.99715285682237,,
733,20,Katsina,2025,RURAL,200117.0,644.9914585704671,,
734,20,Katsina,2025,RURAL,200118.0,429.99430571364474,,
735,20,Katsina,2025,RURAL,200119.0,257.99658342818685,,
736,20,Katsina,2025,RURAL,200120.0,429.99430571364474,,8000.0
737,20,Katsina,2028,RURAL,0.0,25.918329435736677,,
738,20,Katsina,2028,RURAL,200161.0,322.49572928523355,,
739,20,Katsina,2028,RURAL,200164.0,107.49857642841118,,
740,20,Katsina,2028,RURAL,200165.0,42.99943057136448,,
741,20,Katsina,2028,RURAL,200167.0,68.79908891418316,,
742,20,Katsina,2030,RURAL,200044.0,21.49971528568224,,
743,20,Katsina,2030,RURAL,200046.0,128.99829171409343,,
744,20,Katsina,2030,RURAL,200047.0,107.49857642841118,,
745,20,Katsina,2032,RURAL,0.0,5.0,,
746,20,Katsina,2032,RURAL,200064.0,107.49857642841118,,
747,20,Katsina,2032,RURAL,200065.0,64.49914585704671,,
748,20,Katsina,2032,RURAL,200067.0,128.99829171409343,,
749,20,Katsina,2032,URBAN,0.0,36.6992337164751,,
750,20,Katsina,2032,URBAN,200051.0,322.49572928523355,,
751,20,Katsina,2032,URBAN,200052.0,21.49971528568224,,
752,20,Katsina,2032,URBAN,200053.0,64.49914585704671,,25000.0
753,20,Katsina,2032,URBAN,200056.0,429.99430571364474,,
754,20,Katsina,2032,URBAN,200057.0,322.49572928523355,350000.0,53000.0
755,20,Katsina,2032,URBAN,200058.0,322.49572928523355,,
756,20,Katsina,2032,URBAN,200059.0,107.49857642841118,,
757,20,Katsina,2032,URBAN,200060.0,64.49914585704671,,
758,21,Kebbi,2102,RURAL,0.0,29.168103448275858,,
759,21,Kebbi,2102,RURAL,210085.0,429.99430571364474,,
760,21,Kebbi,2102,RURAL,210087.0,171.9977222854579,,19500.0
761,21,Kebbi,2102,RURAL,210088.0,322.49572928523355,,
762,21,Kebbi,2102,RURAL,210089.0,214.99715285682237,,
763,21,Kebbi,2102,RURAL,210090.0,85.99886114272896,,
764,21,Kebbi,2106,RURAL,0.0,224.61118431034484,,
765,21,Kebbi,2106,RURAL,210002.0,128.99829171409343,,240000.0
766,21,Kebbi,2106,RURAL,210003.0,75.24900349988783,,250000.0
767,21,Kebbi,2106,RURAL,210004.0,644.9914585704671,,
768,21,Kebbi,2106,RURAL,210005.0,429.99430571364474,150000.0,85000.0
769,21,Kebbi,2106,RURAL,210006.0,537.492882142056,,145000.0
770,21,Kebbi,2106,RURAL,210007.0,214.99715285682237,,
771,21,Kebbi,2106,RURAL,210008.0,343.9954445709158,10000.0,
772,21,Kebbi,2106,RURAL,210009.0,107.49857642841118,70000.0,
773,21,Kebbi,2106,RURAL,210010.0,150.49800699977567,,57250.0
774,21,Kebbi,2106,RURAL,210011.0,107.49857642841118,,
775,21,Kebbi,2106,RURAL,210012.0,214.99715285682237,,
776,21,Kebbi,2106,RURAL,210014.0,53.74928821420559,,
777,21,Kebbi,2106,RURAL,210015.0,150.49800699977567,,
778,21,Kebbi,2106,RURAL,210016.0,64.49914585704671,,
779,21,Kebbi,2106,RURAL,210018.0,42.99943057136448,,28000.0
780,21,Kebbi,2106,RURAL,210019.0,85.99886114272896,100000.0,
781,21,Kebbi,2106,RURAL,210020.0,85.99886114272896,,
782,21,Kebbi,2108,URBAN,0.0,22.507758620689657,,
783,21,Kebbi,2108,URBAN,210071.0,171.9977222854579,,
784,21,Kebbi,2108,URBAN,210072.0,171.9977222854579,,
785,21,Kebbi,2108,URBAN,210073.0,429.99430571364474,,
786,21,Kebbi,2108,URBAN,210074.0,859.9886114272895,,
787,21,Kebbi,2108,URBAN,210075.0,322.49572928523355,,
788,21,Kebbi,2108,URBAN,210076.0,257.99658342818685,,
789,21,Kebbi,2108,URBAN,210078.0,96.74871878557008,,
790,21,Kebbi,2108,URBAN,210080.0,53.74928821420559,,
791,21,Kebbi,2109,RURAL,0.0,2.5,,
792,21,Kebbi,2109,RURAL,210023.0,42.99943057136448,,
793,21,Kebbi,2109,RURAL,210024.0,85.99886114272896,,
794,21,Kebbi,2109,RURAL,210025.0,171.9977222854579,,
795,21,Kebbi,2109,RURAL,210026.0,128.99829171409343,,
796,21,Kebbi,2109,RURAL,210027.0,322.49572928523355,,
797,21,Kebbi,2109,RURAL,210028.0,171.9977222854579,,
798,21,Kebbi,2109,RURAL,210029.0,279.4962987138691,,
799,21,Kebbi,2109,RURAL,210030.0,257.99658342818685,,
800,21,Kebbi,2111,RURAL,0.0,15.620689655172413,,
801,21,Kebbi,2111,RURAL,210091.0,214.99715285682237,,
802,21,Kebbi,2111,RURAL,210093.0,322.49572928523355,,
803,21,Kebbi,2111,RURAL,210094.0,150.49800699977567,,
804,21,Kebbi,2111,RURAL,210096.0,386.9948751422803,20000.0,
805,21,Kebbi,2111,RURAL,210097.0,0.4299943057136448,,10000.0
806,21,Kebbi,2111,RURAL,210100.0,1289.9829171409342,,
807,21,Kebbi,2115,RURAL,0.0,20.701149425287355,,
808,21,Kebbi,2117,RURAL,0.0,26.17241379310345,,
809,21,Kebbi,2117,RURAL,210061.0,171.9977222854579,,
810,21,Kebbi,2117,RURAL,210062.0,386.9948751422803,,
811,21,Kebbi,2117,RURAL,210063.0,171.9977222854579,20000.0,
812,21,Kebbi,2117,RURAL,210064.0,257.99658342818685,,
813,21,Kebbi,2117,RURAL,210065.0,214.99715285682237,,
814,21,Kebbi,2117,RURAL,210066.0,214.99715285682237,,
815,21,Kebbi,2117,RURAL,210069.0,85.99886114272896,,52000.0
816,21,Kebbi,2117,RURAL,210070.0,150.49800699977567,,
817,21,Kebbi,2119,RURAL,0.0,53.10344827586207,,
818,21,Kebbi,2119,RURAL,210044.0,257.99658342818685,,
819,21,Kebbi,2119,RURAL,210047.0,279.4962987138691,,52720.0
820,21,Kebbi,2119,RURAL,210048.0,214.99715285682237,,19200.0
821,22,Kogi,2201,RURAL,0.0,40.55284146176912,,
822,22,Kogi,2201,RURAL,220033.0,107.49857642841118,,
823,22,Kogi,2201,RURAL,220034.0,75.24900349988783,,
824,22,Kogi,2201,RURAL,220036.0,85.99886114272896,,
825,22,Kogi,2201,RURAL,220037.0,25.799658342818685,,
826,22,Kogi,2201,RURAL,220038.0,107.49857642841118,,
827,22,Kogi,2201,RURAL,220040.0,1289.9829171409342,,18000.0
828,22,Kogi,2203,RURAL,0.0,93.00092863568216,,
829,22,Kogi,2203,RURAL,220102.0,4729.9373628500925,,
830,22,Kogi,2203,RURAL,220106.0,214.99715285682237,,
831,22,Kogi,2203,RURAL,220107.0,107.49857642841118,,
832,22,Kogi,2203,RURAL,220110.0,214.99715285682237,,
833,22,Kogi,2203,RURAL,220113.0,429.99430571364474,,
834,22,Kogi,2203,RURAL,220116.0,171.9977222854579,,
835,22,Kogi,2203,RURAL,220118.0,128.99829171409343,,
836,22,Kogi,2205,RURAL,0.0,50.316947976011996,,
837,22,Kogi,2205,RURAL,220061.0,171.9977222854579,,
838,22,Kogi,2205,RURAL,220067.0,214.99715285682237,,47000.0
839,22,Kogi,2205,RURAL,220069.0,171.9977222854579,,60000.0
840,22,Kogi,2205,RURAL,220076.0,322.49572928523355,,
841,22,Kogi,2205,RURAL,220077.0,429.99430571364474,,
842,22,Kogi,2205,RURAL,220078.0,322.49572928523355,,
843,22,Kogi,2209,URBAN,0.0,79.99470952176408,,
844,22,Kogi,2209,URBAN,220042.0,171.9977222854579,,40000.0
845,22,Kogi,2209,URBAN,220045.0,85.99886114272896,,
846,22,Kogi,2209,URBAN,220046.0,171.9977222854579,,
847,22,Kogi,2211,RURAL,0.0,51.19827586206897,,
848,22,Kogi,2211,RURAL,220017.0,300.99601399955134,,
849,22,Kogi,2211,RURAL,220018.0,128.99829171409343,,
850,22,Kogi,2211,RURAL,220019.0,214.99715285682237,,
851,22,Kogi,2211,URBAN,0.0,102.30676630354046,,
852,22,Kogi,2211,URBAN,220004.0,150.49800699977567,,
853,22,Kogi,2211,URBAN,220006.0,322.49572928523355,,
854,22,Kogi,2211,URBAN,220008.0,300.99601399955134,,41000.0
855,22,Kogi,2212,URBAN,0.0,68.10344827586206,,
856,22,Kogi,2214,RURAL,0.0,70.10344827586206,,
857,22,Kogi,2214,RURAL,220084.0,322.49572928523355,,35000.0
858,22,Kogi,2214,RURAL,220088.0,214.99715285682237,,
859,22,Kogi,2214,RURAL,220089.0,214.99715285682237,,
860,22,Kogi,2216,URBAN,0.0,54.71914593869732,,
861,22,Kogi,2216,URBAN,220023.0,128.99829171409343,,
862,22,Kogi,2216,URBAN,220028.0,42.99943057136448,,
863,22,Kogi,2218,RURAL,0.0,114.3103448275862,,
864,22,Kogi,2218,RURAL,220096.0,214.99715285682237,,
865,22,Kogi,2218,RURAL,220098.0,128.99829171409343,,
866,22,Kogi,2218,RURAL,220099.0,322.49572928523355,,
867,22,Kogi,2220,URBAN,0.0,123.08916718185905,,
868,22,Kogi,2220,URBAN,220052.0,107.49857642841118,,59000.0
869,22,Kogi,2220,URBAN,220057.0,214.99715285682237,,
870,22,Kogi,2220,URBAN,220059.0,85.99886114272896,,
871,23,Kwara,2302,RURAL,0.0,53.5344827586207,,
872,23,Kwara,2303,RURAL,0.0,59.679650677973235,,
873,23,Kwara,2303,RURAL,230117.0,644.9914585704671,,75072.0
874,23,Kwara,2304,RURAL,0.0,58.852531298693386,,
875,23,Kwara,2305,RURAL,0.0,43.30520948275863,,
876,23,Kwara,2306,URBAN,0.0,70.50314833568925,,
877,23,Kwara,2306,URBAN,170037.0,257.99658342818685,,65000.0
878,23,Kwara,2306,URBAN,230031.0,107.49857642841118,,40000.0
879,23,Kwara,2306,URBAN,230036.0,322.49572928523355,,
880,23,Kwara,2306,URBAN,230040.0,107.49857642841118,,2000.0
881,23,Kwara,2307,URBAN,0.0,66.61952551131729,,
882,23,Kwara,2307,URBAN,230017.0,214.99715285682237,,18000.0
883,23,Kwara,2307,URBAN,230025.0,193.49743757114015,,
884,23,Kwara,2307,URBAN,230028.0,322.49572928523355,,
885,23,Kwara,2307,URBAN,230030.0,85.99886114272896,,
886,23,Kwara,2308,URBAN,0.0,65.93946128419161,,
887,23,Kwara,2308,URBAN,230002.0,214.99715285682237,,
888,23,Kwara,2308,URBAN,230007.0,214.99715285682237,,
889,23,Kwara,2308,URBAN,230044.0,601.9920279991027,,19000.0
890,23,Kwara,2309,RURAL,0.0,28.917302144138315,,
891,23,Kwara,2309,URBAN,0.0,106.40981465050322,,
892,23,Kwara,2311,RURAL,0.0,60.369890178821585,,
893,23,Kwara,2311,RURAL,230083.0,601.9920279991027,,
894,23,Kwara,2311,RURAL,230086.0,171.9977222854579,400000.0,21000.0
895,23,Kwara,2313,URBAN,0.0,71.9256342446776,,
896,23,Kwara,2315,RURAL,0.0,84.64772834993111,,
897,23,Kwara,2316,URBAN,0.0,53.45094365118867,,
898,23,Kwara,2316,URBAN,230101.0,257.99658342818685,35000.0,30000.0
899,23,Kwara,2316,URBAN,230103.0,257.99658342818685,,
900,24,Lagos,2401,URBAN,0.0,79.1576323369203,,
901,24,Lagos,2403,URBAN,0.0,45.08942247043204,,
902,24,Lagos,2404,URBAN,0.0,46.6796291954023,,
903,24,Lagos,2405,URBAN,0.0,160.1173334497377,,
904,24,Lagos,2406,URBAN,0.0,15.977623275862069,,
905,24,Lagos,2407,RURAL,0.0,41.34734146551724,,
906,24,Lagos,2408,URBAN,0.0,43.41282406530889,,
907,24,Lagos,2410,URBAN,0.0,67.12327264836078,,
908,24,Lagos,2411,URBAN,0.0,53.280738362773796,,
909,24,Lagos,2412,URBAN,0.0,35.32188102550192,,
910,24,Lagos,2413,URBAN,0.0,49.04155550577072,,
911,24,Lagos,2415,URBAN,0.0,37.03679694730383,,
912,24,Lagos,2417,URBAN,0.0,41.617454518125555,,
913,24,Lagos,2418,URBAN,0.0,52.399060695415635,,
914,24,Lagos,2419,URBAN,0.0,38.858918272979885,,
915,24,Lagos,2420,URBAN,0.0,33.60737851352719,,
916,25,Nasarawa,2502,RURAL,0.0,11.666666666666666,,
917,25,Nasarawa,2503,RURAL,0.0,11.637931034482758,,
918,25,Nasarawa,2504,RURAL,0.0,81.48469017848984,,
919,25,Nasarawa,2504,URBAN,0.0,61.46979695511939,,
920,25,Nasarawa,2507,RURAL,0.0,19.862068965517242,,
921,25,Nasarawa,2508,URBAN,0.0,82.87153567543753,,
922,25,Nasarawa,2508,URBAN,250001.0,107.49857642841118,,
923,25,Nasarawa,2508,URBAN,250002.0,429.99430571364474,,15000.0
924,25,Nasarawa,2508,URBAN,250003.0,107.49857642841118,,
925,25,Nasarawa,2508,URBAN,250004.0,322.49572928523355,,
926,25,Nasarawa,2508,URBAN,250006.0,171.9977222854579,,
927,25,Nasarawa,2508,URBAN,250007.0,85.99886114272896,,
928,25,Nasarawa,2508,URBAN,250008.0,85.99886114272896,50000.0,
929,25,Nasarawa,2508,URBAN,250009.0,214.99715285682237,,
930,25,Nasarawa,2509,RURAL,0.0,52.10775862068965,,
931,25,Nasarawa,2511,RURAL,0.0,31.85830922413793,,
932,25,Nasarawa,2511,RURAL,250061.0,236.49686814250464,,
933,25,Nasarawa,2511,RURAL,250062.0,214.99715285682237,,
934,25,Nasarawa,2511,RURAL,250066.0,150.49800699977567,,30000.0
935,25,Nasarawa,2511,RURAL,250067.0,214.99715285682237,7500.0,
936,25,Nasarawa,2513,RURAL,0.0,6.955246551724138,,
937,26,Niger,2601,RURAL,0.0,23.421853645320198,,
938,26,Niger,2603,URBAN,0.0,67.56065195105693,,
939,26,Niger,2603,URBAN,260101.0,107.49857642841118,,28000.0
940,26,Niger,2603,URBAN,260103.0,64.49914585704671,,35000.0
941,26,Niger,2603,URBAN,260104.0,429.99430571364474,,
942,26,Niger,2603,URBAN,260105.0,150.49800699977567,,19000.0
943,26,Niger,2603,URBAN,260106.0,429.99430571364474,,62500.0
944,26,Niger,2603,URBAN,260107.0,107.49857642841118,,24000.0
945,26,Niger,2603,URBAN,260109.0,214.99715285682237,,
946,26,Niger,2603,URBAN,260110.0,107.49857642841118,,
947,26,Niger,2603,URBAN,260111.0,64.49914585704671,,35000.0
948,26,Niger,2603,URBAN,260112.0,150.49800699977567,500000.0,100000.0
949,26,Niger,2603,URBAN,260113.0,107.49857642841118,,30000.0
950,26,Niger,2603,URBAN,260114.0,128.99829171409343,,72500.0
951,26,Niger,2603,URBAN,260116.0,429.99430571364474,125000.0,40000.0
952,26,Niger,2603,URBAN,260117.0,171.9977222854579,,45000.0
953,26,Niger,2603,URBAN,260118.0,107.49857642841118,16000.0,
954,26,Niger,2603,URBAN,260119.0,429.99430571364474,,
955,26,Niger,2603,URBAN,260120.0,322.49572928523355,,45000.0
956,26,Niger,2605,RURAL,0.0,37.802764584802816,,
957,26,Niger,2605,RURAL,260099.0,214.99715285682237,,52500.0
958,26,Niger,2606,URBAN,0.0,63.18523469784745,,
959,26,Niger,2606,URBAN,260004.0,42.99943057136448,,20333.333333333332
960,26,Niger,2606,URBAN,260005.0,32.24957292852336,,15000.0
961,26,Niger,2606,URBAN,260006.0,107.49857642841118,650000.0,90000.0
962,26,Niger,2606,URBAN,260008.0,64.49914585704671,,
963,26,Niger,2608,RURAL,0.0,38.17432182758621,,
964,26,Niger,2608,RURAL,260133.0,85.99886114272896,,
965,26,Niger,2611,RURAL,0.0,22.25678896551724,,
966,26,Niger,2613,RURAL,0.0,55.054290979241806,,
967,26,Niger,2613,RURAL,260156.0,85.99886114272896,200000.0,40000.0
968,26,Niger,2613,RURAL,260158.0,128.99829171409343,150000.0,
969,26,Niger,2615,RURAL,0.0,53.103448275862064,,
970,26,Niger,2616,RURAL,0.0,39.8055886237126,,
971,26,Niger,2618,RURAL,0.0,43.862804310344835,,
972,26,Niger,2618,RURAL,260028.0,21.49971528568224,,
973,26,Niger,2618,RURAL,260037.0,64.49914585704671,400000.0,40000.0
974,26,Niger,2621,RURAL,0.0,90.27586206896552,,
975,26,Niger,2621,URBAN,0.0,53.47529860450631,,
976,26,Niger,2621,URBAN,260043.0,85.99886114272896,,
977,26,Niger,2621,URBAN,260049.0,42.99943057136448,,
978,26,Niger,2623,RURAL,0.0,41.20599423497572,,
979,26,Niger,2623,RURAL,260017.0,107.49857642841118,,
980,26,Niger,2623,RURAL,260019.0,214.99715285682237,,
981,26,Niger,2623,RURAL,260020.0,85.99886114272896,,
982,26,Niger,2623,URBAN,0.0,45.495875488220136,,
983,26,Niger,2625,RURAL,0.0,42.827586206896555,,
984,26,Niger,2625,RURAL,260172.0,64.49914585704671,,
985,26,Niger,2625,RURAL,260173.0,107.49857642841118,,
986,27,Ogun,2701,URBAN,0.0,64.45742094700671,,
987,27,Ogun,2702,URBAN,0.0,110.51210487151195,,
988,27,Ogun,2703,RURAL,0.0,43.275862068965516,,
989,27,Ogun,2703,URBAN,0.0,59.976084303237585,,
990,27,Ogun,2704,RURAL,0.0,20.105925086206895,,
991,27,Ogun,2704,RURAL,270011.0,214.99715285682237,,
992,27,Ogun,2704,RURAL,270019.0,64.49914585704671,,
993,27,Ogun,2707,URBAN,0.0,45.70481561555013,,
994,27,Ogun,2709,URBAN,0.0,34.51114338362069,,
995,27,Ogun,2709,URBAN,270035.0,64.49914585704671,,
996,27,Ogun,2711,URBAN,0.0,41.772707743202126,,
997,27,Ogun,2711,URBAN,270059.0,171.9977222854579,,
998,27,Ogun,2712,RURAL,0.0,21.914163603183027,,
999,27,Ogun,2712,RURAL,270045.0,128.99829171409343,,
1000,27,Ogun,2714,URBAN,0.0,15.0,,
1001,27,Ogun,2715,RURAL,0.0,23.575431034482758,,
1002,27,Ogun,2715,URBAN,0.0,145.80979482758622,,
1003,27,Ogun,2719,RURAL,0.0,20.364087068965517,,
1004,28,Ondo,2802,RURAL,0.0,39.030505616515825,,
1005,28,Ondo,2804,URBAN,0.0,43.083323005865886,,
1006,28,Ondo,2806,URBAN,0.0,46.59385958604775,,
1007,28,Ondo,2806,URBAN,280013.0,214.99715285682237,50000.0,
1008,28,Ondo,2807,RURAL,0.0,18.75,,
1009,28,Ondo,2807,RURAL,280124.0,257.99658342818685,,
1010,28,Ondo,2807,RURAL,280126.0,150.49800699977567,,
1011,28,Ondo,2807,RURAL,280127.0,214.99715285682237,,
1012,28,Ondo,2810,RURAL,0.0,35.772030651341,,
1013,28,Ondo,2810,RURAL,280094.0,644.9914585704671,150000.0,
1014,28,Ondo,2810,RURAL,280097.0,386.9948751422803,1300000.0,
1015,28,Ondo,2810,RURAL,280099.0,601.9920279991027,,
1016,28,Ondo,2810,URBAN,0.0,136.45234757400908,,
1017,28,Ondo,2810,URBAN,280101.0,107.49857642841118,,
1018,28,Ondo,2810,URBAN,280108.0,537.492882142056,,
1019,28,Ondo,2810,URBAN,280110.0,214.99715285682237,100000.0,
1020,28,Ondo,2811,RURAL,0.0,41.52390617816092,,
1021,28,Ondo,2811,URBAN,0.0,28.725361494252876,,
1022,28,Ondo,2813,RURAL,0.0,54.98902821316615,,
1023,28,Ondo,2813,RURAL,280119.0,32.24957292852336,,
1024,28,Ondo,2814,URBAN,0.0,78.64890282131661,,
1025,28,Ondo,2814,URBAN,280084.0,32.24957292852336,,
1026,28,Ondo,2814,URBAN,280087.0,53.74928821420559,,10000.0
1027,28,Ondo,2814,URBAN,280090.0,150.49800699977567,,
1028,28,Ondo,2815,RURAL,0.0,30.653705172413794,,
1029,28,Ondo,2816,RURAL,0.0,32.9051724137931,,
1030,28,Ondo,2816,RURAL,280078.0,537.492882142056,,
1031,28,Ondo,2816,URBAN,0.0,41.782135857044935,,
1032,28,Ondo,2816,URBAN,280024.0,42.99943057136448,40000.0,
1033,29,Osun,2902,URBAN,0.0,32.75473791719568,,
1034,29,Osun,2905,URBAN,0.0,36.86090778735632,,
1035,29,Osun,2906,URBAN,0.0,35.0,,
1036,29,Osun,2909,RURAL,0.0,25.704247509578543,,
1037,29,Osun,2910,URBAN,0.0,57.41667748966824,,
1038,29,Osun,2911,RURAL,0.0,59.513742019259745,,
1039,29,Osun,2911,URBAN,0.0,49.621118704223996,,
1040,29,Osun,2911,URBAN,290091.0,171.9977222854579,,
1041,29,Osun,2911,URBAN,290094.0,107.49857642841118,40000.0,
1042,29,Osun,2911,URBAN,290095.0,75.24900349988783,,
1043,29,Osun,2914,URBAN,0.0,61.664270665755325,,
1044,29,Osun,2916,URBAN,0.0,39.8686725862069,,
1045,29,Osun,2918,URBAN,0.0,39.85669011494253,,
1046,29,Osun,2919,URBAN,0.0,90.0,,
1047,29,Osun,2920,RURAL,0.0,17.75862068965517,,
1048,29,Osun,2920,URBAN,0.0,44.35544379160955,,
1049,29,Osun,2920,URBAN,290153.0,85.99886114272896,160000.0,11500.0
1050,29,Osun,2920,URBAN,290154.0,42.99943057136448,80000.0,
1051,29,Osun,2920,URBAN,290156.0,25.799658342818685,,
1052,29,Osun,2923,RURAL,0.0,54.738497783251226,,
1053,29,Osun,2923,URBAN,0.0,37.721666950998184,,
1054,29,Osun,2927,URBAN,0.0,46.90165336434748,,
1055,29,Osun,2927,URBAN,290016.0,171.9977222854579,,5000.0
1056,29,Osun,2930,URBAN,0.0,34.468852844063065,,
1057,29,Osun,2930,URBAN,290001.0,107.49857642841118,,
1058,29,Osun,2930,URBAN,290005.0,64.49914585704671,,
1059,29,Osun,2930,URBAN,290026.0,322.49572928523355,,
1060,29,Osun,2930,URBAN,290039.0,1289.9829171409342,,
1061,30,Oyo,3000,URBAN,0.0,11.58950696244034,,
1062,30,Oyo,3002,URBAN,0.0,49.08780166666667,,
1063,30,Oyo,3002,URBAN,300141.0,300.99601399955134,,
1064,30,Oyo,3002,URBAN,300148.0,193.49743757114015,25000.0,5000.0
1065,30,Oyo,3004,RURAL,0.0,32.22185555555556,,
1066,30,Oyo,3004,RURAL,300228.0,107.49857642841118,,
1067,30,Oyo,3005,URBAN,0.0,69.74022366171673,,
1068,30,Oyo,3005,URBAN,300095.0,64.49914585704671,45000.0,
1069,30,Oyo,3007,URBAN,0.0,52.413722432950195,,
1070,30,Oyo,3009,URBAN,0.0,42.89099704433497,,
1071,30,Oyo,3009,URBAN,300006.0,412.79453348509895,,
1072,30,Oyo,3009,URBAN,300007.0,25.799658342818685,,
1073,30,Oyo,3009,URBAN,300111.0,32.24957292852336,10000.0,
1074,30,Oyo,3009,URBAN,300119.0,42.99943057136448,,
1075,30,Oyo,3010,URBAN,0.0,88.66806261437131,,
1076,30,Oyo,3010,URBAN,300110.0,171.9977222854579,,
1077,30,Oyo,3012,RURAL,0.0,41.701149425287355,,
1078,30,Oyo,3012,RURAL,300036.0,107.49857642841118,,
1079,30,Oyo,3012,RURAL,300038.0,64.49914585704671,,
1080,30,Oyo,3012,URBAN,0.0,15.977623275862069,,
1081,30,Oyo,3014,RURAL,0.0,49.068349753694584,,
1082,30,Oyo,3014,RURAL,300041.0,171.9977222854579,,
1083,30,Oyo,3014,RURAL,300046.0,42.99943057136448,,
1084,30,Oyo,3014,RURAL,300048.0,107.49857642841118,,
1085,30,Oyo,3014,URBAN,0.0,16.067492589496087,,
1086,30,Oyo,3015,RURAL,0.0,12.5,,
1087,30,Oyo,3016,URBAN,0.0,25.995524655172414,,
1088,30,Oyo,3016,URBAN,300167.0,171.9977222854579,,
1089,30,Oyo,3016,URBAN,300168.0,128.99829171409343,5000.0,
1090,30,Oyo,3018,RURAL,0.0,36.502873563218394,,
1091,30,Oyo,3018,RURAL,300022.0,42.99943057136448,,
1092,30,Oyo,3019,RURAL,0.0,49.464417241379316,,
1093,30,Oyo,3020,URBAN,0.0,89.83065812105396,,
1094,30,Oyo,3021,URBAN,0.0,46.95524655172414,,
1095,30,Oyo,3022,URBAN,0.0,18.759721896551724,,
1096,30,Oyo,3023,RURAL,0.0,11.691049310344827,,
1097,30,Oyo,3023,RURAL,300172.0,64.49914585704671,2000.0,
1098,30,Oyo,3023,RURAL,300179.0,64.49914585704671,,
1099,30,Oyo,3024,URBAN,0.0,61.20431228803396,,
1100,30,Oyo,3025,URBAN,0.0,58.50589596059113,,
1101,30,Oyo,3025,URBAN,300077.0,32.24957292852336,,
1102,30,Oyo,3025,URBAN,300079.0,53.74928821420559,,
1103,30,Oyo,3026,URBAN,0.0,63.650954741379316,,
1104,30,Oyo,3030,URBAN,0.0,54.8405915745984,,
1105,30,Oyo,3030,URBAN,300152.0,150.49800699977567,,
1106,30,Oyo,3030,URBAN,300156.0,128.99829171409343,,
1107,30,Oyo,3032,RURAL,0.0,25.741379310344826,,
1108,30,Oyo,3032,URBAN,0.0,116.89768501643456,,
1109,30,Oyo,3032,URBAN,300203.0,644.9914585704671,20000.0,
1110,30,Oyo,3033,RURAL,0.0,21.0,,
1111,31,Plateau,3101,RURAL,0.0,59.38254623824452,,
1112,31,Plateau,3101,RURAL,310012.0,64.49914585704671,,11750.0
1113,31,Plateau,3101,RURAL,310016.0,64.49914585704671,,
1114,31,Plateau,3101,RURAL,310017.0,42.99943057136448,,3000.0
1115,31,Plateau,3101,RURAL,310020.0,107.49857642841118,1000000.0,
1116,31,Plateau,3103,RURAL,0.0,29.367816091954023,,
1117,31,Plateau,3105,RURAL,0.0,32.5,,
1118,31,Plateau,3105,URBAN,0.0,52.376968818519295,,
1119,31,Plateau,3105,URBAN,50140.0,85.99886114272896,600000.0,
1120,31,Plateau,3105,URBAN,310001.0,386.9948751422803,10000.0,12000.0
1121,31,Plateau,3105,URBAN,310002.0,64.49914585704671,,12666.666666666666
1122,31,Plateau,3105,URBAN,310005.0,85.99886114272896,,24000.0
1123,31,Plateau,3105,URBAN,310008.0,429.99430571364474,,
1124,31,Plateau,3105,URBAN,310010.0,214.99715285682237,,57500.0
1125,31,Plateau,3107,RURAL,0.0,10.0,,
1126,31,Plateau,3107,RURAL,310048.0,214.99715285682237,,
1127,31,Plateau,3107,URBAN,0.0,79.65517241379311,,
1128,31,Plateau,3107,URBAN,310051.0,214.99715285682237,,
1129,31,Plateau,3107,URBAN,310052.0,537.492882142056,,
1130,31,Plateau,3107,URBAN,310059.0,85.99886114272896,,
1131,31,Plateau,3109,RURAL,0.0,5.0,,
1132,31,Plateau,3111,RURAL,0.0,90.0344827586207,,
1133,31,Plateau,3112,RURAL,0.0,29.206896551724135,,
1134,31,Plateau,3113,RURAL,0.0,18.13223346352537,,
1135,31,Plateau,3115,RURAL,0.0,61.25596157368701,,
1136,31,Plateau,3115,RURAL,310021.0,429.99430571364474,,20000.0
1137,31,Plateau,3115,RURAL,310023.0,429.99430571364474,,
1138,31,Plateau,3115,RURAL,310025.0,322.49572928523355,,
1139,31,Plateau,3115,RURAL,310029.0,128.99829171409343,,
1140,32,Rivers,3201,RURAL,0.0,40.971793437486966,,
1141,32,Rivers,3201,RURAL,320106.0,64.49914585704671,,
1142,32,Rivers,3201,RURAL,320122.0,107.49857642841118,,51000.0
1143,32,Rivers,3202,RURAL,0.0,21.598707957559682,,
1144,32,Rivers,3203,RURAL,0.0,42.80636604774536,,
1145,32,Rivers,3204,URBAN,0.0,87.46931037256076,,
1146,32,Rivers,3204,URBAN,320095.0,150.49800699977567,,
1147,32,Rivers,3204,URBAN,320097.0,85.99886114272896,,
1148,32,Rivers,3204,URBAN,320098.0,214.99715285682237,,
1149,32,Rivers,3206,RURAL,0.0,49.33893474500266,,
1150,32,Rivers,3206,RURAL,320080.0,214.99715285682237,,
1151,32,Rivers,3206,RURAL,320082.0,214.99715285682237,,
1152,32,Rivers,3207,RURAL,0.0,70.53725451752443,,
1153,32,Rivers,3208,RURAL,0.0,45.65134099616858,,
1154,32,Rivers,3208,RURAL,320093.0,85.99886114272896,,
1155,32,Rivers,3209,URBAN,0.0,55.58185024846155,,
1156,32,Rivers,3210,RURAL,0.0,77.59445935427058,,
1157,32,Rivers,3212,RURAL,0.0,37.99686520376176,,
1158,32,Rivers,3213,RURAL,0.0,77.73313078550966,,
1159,32,Rivers,3215,URBAN,0.0,69.35812689474926,,
1160,32,Rivers,3215,URBAN,320054.0,429.99430571364474,,30000.0
1161,32,Rivers,3215,URBAN,320069.0,85.99886114272896,,40000.0
1162,32,Rivers,3216,RURAL,0.0,36.34784546520304,,
1163,32,Rivers,3218,RURAL,0.0,74.6805895320197,,
1164,32,Rivers,3221,RURAL,0.0,71.47301947566918,,
1165,32,Rivers,3221,URBAN,0.0,150.0,,
1166,32,Rivers,3222,URBAN,0.0,52.257468059472814,,
1167,32,Rivers,3223,RURAL,0.0,22.60962667876588,,
1168,32,Rivers,3223,URBAN,0.0,97.09464255303982,,
1169,33,Sokoto,3304,RURAL,330061.0,42.99943057136448,,
1170,33,Sokoto,3304,RURAL,330062.0,171.9977222854579,,
1171,33,Sokoto,3304,RURAL,330063.0,128.99829171409343,,
1172,33,Sokoto,3307,RURAL,0.0,19.361105782493368,,
1173,33,Sokoto,3307,RURAL,330072.0,171.9977222854579,,
1174,33,Sokoto,3307,RURAL,330073.0,128.99829171409343,,
1175,33,Sokoto,3307,RURAL,330077.0,85.99886114272896,,
1176,33,Sokoto,3307,RURAL,330079.0,429.99430571364474,,
1177,33,Sokoto,3311,URBAN,0.0,20.344096163793104,,
1178,33,Sokoto,3311,URBAN,330013.0,644.9914585704671,,
1179,33,Sokoto,3311,URBAN,330014.0,644.9914585704671,,
1180,33,Sokoto,3311,URBAN,330016.0,644.9914585704671,,
1181,33,Sokoto,3311,URBAN,330017.0,64.49914585704671,,
1182,33,Sokoto,3311,URBAN,330018.0,322.49572928523355,,
1183,33,Sokoto,3311,URBAN,330019.0,42.99943057136448,,
1184,33,Sokoto,3311,URBAN,330020.0,42.99943057136448,,
1185,33,Sokoto,3313,RURAL,0.0,11.592077586206896,,
1186,33,Sokoto,3313,RURAL,330057.0,171.9977222854579,,86250.0
1187,33,Sokoto,3313,RURAL,330059.0,150.49800699977567,,
1188,33,Sokoto,3321,URBAN,0.0,126.98813226600986,,
1189,33,Sokoto,3321,URBAN,330001.0,42.99943057136448,,1000.0
1190,33,Sokoto,3321,URBAN,330002.0,322.49572928523355,,
1191,33,Sokoto,3321,URBAN,330003.0,1289.9829171409342,,122200.0
1192,33,Sokoto,3321,URBAN,330004.0,214.99715285682237,,126000.0
1193,33,Sokoto,3321,URBAN,330005.0,429.99430571364474,,60000.0
1194,33,Sokoto,3321,URBAN,330006.0,128.99829171409343,,
1195,33,Sokoto,3321,URBAN,330007.0,85.99886114272896,,18000.0
1196,33,Sokoto,3321,URBAN,330008.0,64.49914585704671,,85000.0
1197,33,Sokoto,3321,URBAN,330009.0,537.492882142056,,140000.0
1198,33,Sokoto,3321,URBAN,330010.0,644.9914585704671,,40000.0
1199,33,Sokoto,3323,RURAL,0.0,17.16691282758621,,
1200,33,Sokoto,3323,RURAL,330033.0,85.99886114272896,,
1201,33,Sokoto,3323,RURAL,330037.0,171.9977222854579,,
1202,33,Sokoto,3323,RURAL,330038.0,128.99829171409343,,
1203,34,Taraba,3401,RURAL,0.0,32.97066206896552,,
1204,34,Taraba,3403,RURAL,0.0,74.86989698569761,,
1205,34,Taraba,3403,RURAL,340073.0,107.49857642841118,,
1206,34,Taraba,3403,RURAL,340074.0,150.49800699977567,,
1207,34,Taraba,3403,RURAL,340075.0,150.49800699977567,,
1208,34,Taraba,3403,RURAL,340077.0,580.4923127134205,,
1209,34,Taraba,3403,RURAL,340080.0,601.9920279991027,,
1210,34,Taraba,3405,RURAL,0.0,19.19655172413793,,
1211,34,Taraba,3405,RURAL,340021.0,644.9914585704671,,
1212,34,Taraba,3407,URBAN,0.0,51.55172413793103,,
1213,34,Taraba,3408,RURAL,0.0,68.19905956112854,,
1214,34,Taraba,3408,RURAL,340081.0,386.9948751422803,,75000.0
1215,34,Taraba,3408,RURAL,340083.0,429.99430571364474,,72000.0
1216,34,Taraba,3408,RURAL,340085.0,107.49857642841118,,84000.0
1217,34,Taraba,3408,RURAL,340087.0,128.99829171409343,,
1218,34,Taraba,3408,RURAL,340089.0,214.99715285682237,,78420.0
1219,34,Taraba,3408,RURAL,340090.0,214.99715285682237,,350000.0
1220,34,Taraba,3410,RURAL,0.0,48.907895402298855,,
1221,34,Taraba,3410,RURAL,340041.0,107.49857642841118,,48000.0
1222,34,Taraba,3410,RURAL,340042.0,96.74871878557008,,
1223,34,Taraba,3410,RURAL,340043.0,1504.9800699977566,,
1224,34,Taraba,3410,RURAL,340044.0,214.99715285682237,,
1225,34,Taraba,3410,RURAL,340046.0,429.99430571364474,,
1226,34,Taraba,3410,RURAL,340047.0,816.989180855925,,250000.0
1227,34,Taraba,3410,RURAL,340048.0,107.49857642841118,,
1228,34,Taraba,3410,RURAL,340049.0,107.49857642841118,,
1229,34,Taraba,3410,RURAL,340050.0,214.99715285682237,,
1230,34,Taraba,3412,RURAL,0.0,23.93103448275862,,
1231,34,Taraba,3413,RURAL,0.0,23.763546798029555,,
1232,34,Taraba,3415,RURAL,0.0,12.5,,
1233,35,Yobe,3501,RURAL,350081.0,644.9914585704671,50000.0,
1234,35,Yobe,3501,RURAL,350083.0,257.99658342818685,,
1235,35,Yobe,3501,RURAL,350084.0,429.99430571364474,,
1236,35,Yobe,3501,RURAL,350086.0,214.99715285682237,,
1237,35,Yobe,3501,RURAL,350087.0,322.49572928523355,,
1238,35,Yobe,3501,RURAL,350088.0,644.9914585704671,,
1239,35,Yobe,3501,URBAN,0.0,40.0,,
1240,35,Yobe,3501,URBAN,350091.0,644.9914585704671,,30000.0
1241,35,Yobe,3501,URBAN,350092.0,214.99715285682237,,
1242,35,Yobe,3501,URBAN,350093.0,365.49515985659804,,
1243,35,Yobe,3501,URBAN,350094.0,225.74701049966353,,19000.0
1244,35,Yobe,3501,URBAN,350095.0,601.9920279991027,,
1245,35,Yobe,3501,URBAN,350096.0,279.4962987138691,,
1246,35,Yobe,3501,URBAN,350097.0,481.5936223992822,,
1247,35,Yobe,3501,URBAN,350098.0,537.492882142056,,
1248,35,Yobe,3501,URBAN,350099.0,365.49515985659804,,
1249,35,Yobe,3501,URBAN,350100.0,644.9914585704671,,
1250,35,Yobe,3503,URBAN,0.0,68.16921312104897,,
1251,35,Yobe,3503,URBAN,350002.0,1504.9800699977566,,
1252,35,Yobe,3503,URBAN,350003.0,537.492882142056,,
1253,35,Yobe,3503,URBAN,350004.0,1289.9829171409342,,13500.0
1254,35,Yobe,3503,URBAN,350005.0,300.99601399955134,,
1255,35,Yobe,3503,URBAN,350006.0,107.49857642841118,,
1256,35,Yobe,3503,URBAN,350007.0,752.4900349988783,,30000.0
1257,35,Yobe,3503,URBAN,350008.0,128.99829171409343,,
1258,35,Yobe,3503,URBAN,350009.0,257.99658342818685,,
1259,35,Yobe,3503,URBAN,350010.0,300.99601399955134,,9000.0
1260,35,Yobe,3506,RURAL,0.0,6.25,,
1261,35,Yobe,3506,RURAL,350046.0,42.99943057136448,,
1262,35,Yobe,3509,RURAL,0.0,150.45977011494253,,
1263,35,Yobe,3509,RURAL,350103.0,150.49800699977567,,18500.0
1264,35,Yobe,3509,RURAL,350104.0,107.49857642841118,,
1265,35,Yobe,3509,RURAL,350105.0,644.9914585704671,,
1266,35,Yobe,3509,RURAL,350106.0,322.49572928523355,,25000.0
1267,35,Yobe,3509,RURAL,350107.0,429.99430571364474,,25000.0
1268,35,Yobe,3509,RURAL,350108.0,214.99715285682237,,25000.0
1269,35,Yobe,3511,RURAL,350052.0,429.99430571364474,,
1270,35,Yobe,3511,RURAL,350055.0,2364.9686814250463,,
1271,35,Yobe,3511,RURAL,350057.0,42.99943057136448,,
1272,35,Yobe,3511,RURAL,350059.0,322.49572928523355,,
1273,35,Yobe,3511,RURAL,350060.0,214.99715285682237,,
1274,35,Yobe,3513,RURAL,0.0,53.103448275862064,,
1275,35,Yobe,3513,RURAL,350061.0,257.99658342818685,,
1276,35,Yobe,3513,RURAL,350067.0,322.49572928523355,,20800.0
1277,35,Yobe,3513,URBAN,0.0,226.36816316733447,,
1278,35,Yobe,3513,URBAN,350075.0,429.99430571364474,,25000.0
1279,35,Yobe,3513,URBAN,350076.0,322.49572928523355,,50000.0
1280,35,Yobe,3513,URBAN,350078.0,53.74928821420559,,
1281,35,Yobe,3513,URBAN,350079.0,537.492882142056,,80000.0
1282,35,Yobe,3515,RURAL,0.0,26.551724137931032,,
1283,35,Yobe,3515,RURAL,350030.0,64.49914585704671,,
1284,35,Yobe,3516,RURAL,0.0,2.5,,
1285,36,Zamfara,3601,RURAL,0.0,22.59655172413793,,
1286,36,Zamfara,3601,RURAL,360061.0,85.99886114272896,60000.0,
1287,36,Zamfara,3601,RURAL,360067.0,42.99943057136448,40000.0,
1288,36,Zamfara,3601,RURAL,360068.0,53.74928821420559,,
1289,36,Zamfara,3601,RURAL,360069.0,107.49857642841118,,
1290,36,Zamfara,3603,RURAL,0.0,31.510971786833853,,
1291,36,Zamfara,3603,RURAL,360021.0,64.49914585704671,10000.0,
1292,36,Zamfara,3603,RURAL,360022.0,64.49914585704671,,
1293,36,Zamfara,3603,RURAL,360023.0,128.99829171409343,25000.0,
1294,36,Zamfara,3603,RURAL,360024.0,85.99886114272896,11000.0,
1295,36,Zamfara,3603,RURAL,360027.0,64.49914585704671,50000.0,
1296,36,Zamfara,3603,RURAL,360028.0,42.99943057136448,40000.0,
1297,36,Zamfara,3603,RURAL,360029.0,96.74871878557008,,
1298,36,Zamfara,3603,RURAL,360030.0,107.49857642841118,40000.0,
1299,36,Zamfara,3605,RURAL,0.0,22.634099616858236,,
1300,36,Zamfara,3605,RURAL,360011.0,85.99886114272896,,
1301,36,Zamfara,3605,RURAL,360013.0,64.49914585704671,30000.0,
1302,36,Zamfara,3605,RURAL,360014.0,107.49857642841118,,
1303,36,Zamfara,3605,RURAL,360017.0,64.49914585704671,,
1304,36,Zamfara,3605,RURAL,360018.0,53.74928821420559,,14666.666666666666
1305,36,Zamfara,3605,RURAL,360019.0,42.99943057136448,,
1306,36,Zamfara,3605,RURAL,360020.0,32.24957292852336,,
1307,36,Zamfara,3606,RURAL,0.0,20.907327586206897,,
1308,36,Zamfara,3606,RURAL,360082.0,49.449345157069146,10000.0,
1309,36,Zamfara,3606,RURAL,360087.0,42.99943057136448,,
1310,36,Zamfara,3606,RURAL,360088.0,42.99943057136448,100000.0,
1311,36,Zamfara,3607,URBAN,0.0,32.140264564697226,,
1312,36,Zamfara,3607,URBAN,360001.0,64.49914585704671,,
1313,36,Zamfara,3607,URBAN,360002.0,85.99886114272896,,
1314,36,Zamfara,3607,URBAN,360003.0,128.99829171409343,,
1315,36,Zamfara,3607,URBAN,360004.0,85.99886114272896,5000.0,
1316,36,Zamfara,3607,URBAN,360005.0,429.99430571364474,,
1317,36,Zamfara,3607,URBAN,360006.0,214.99715285682237,,
1318,36,Zamfara,3607,URBAN,360007.0,107.49857642841118,,
1319,36,Zamfara,3607,URBAN,360008.0,85.99886114272896,,
1320,36,Zamfara,3607,URBAN,360009.0,107.49857642841118,,
1321,36,Zamfara,3607,URBAN,360010.0,64.49914585704671,,28000.0
1322,36,Zamfara,3608,RURAL,0.0,21.20561271551724,,
1323,36,Zamfara,3608,RURAL,360031.0,64.49914585704671,,
1324,36,Zamfara,3608,RURAL,360032.0,42.99943057136448,,
1325,36,Zamfara,3608,RURAL,360033.0,107.49857642841118,22000.0,600.0
1326,36,Zamfara,3608,RURAL,360034.0,85.99886114272896,,2500.0
1327,36,Zamfara,3608,RURAL,360038.0,64.49914585704671,30000.0,
1328,36,Zamfara,3608,RURAL,360039.0,53.74928821420559,,
1329,36,Zamfara,3608,RURAL,360040.0,64.49914585704671,,
1330,36,Zamfara,3610,RURAL,0.0,19.782209425287355,,
1331,36,Zamfara,3610,RURAL,360051.0,85.99886114272896,35000.0,
1332,36,Zamfara,3610,RURAL,360052.0,64.49914585704671,,
1333,36,Zamfara,3610,RURAL,360057.0,64.49914585704671,300000.0,
1334,36,Zamfara,3610,RURAL,360058.0,42.99943057136448,,
1335,36,Zamfara,3610,RURAL,360060.0,150.49800699977567,,
1336,36,Zamfara,3611,RURAL,0.0,24.68103448275862,,
1337,36,Zamfara,3611,RURAL,190052.0,85.99886114272896,25000.0,
1338,36,Zamfara,3612,URBAN,0.0,16.635775862068964,,
1339,36,Zamfara,3612,URBAN,360073.0,85.99886114272896,,
1340,36,Zamfara,3612,URBAN,360074.0,128.99829171409343,10000.0,
1341,36,Zamfara,3612,URBAN,360077.0,32.24957292852336,35000.0,
1342,36,Zamfara,3612,URBAN,360078.0,53.74928821420559,50000.0,
1343,36,Zamfara,3612,URBAN,360079.0,64.49914585704671,,
1344,36,Zamfara,3613,RURAL,0.0,22.352011494252874,,
1345,36,Zamfara,3613,RURAL,360042.0,42.99943057136448,25000.0,
1346,36,Zamfara,3613,RURAL,360047.0,42.99943057136448,20000.0,
1347,36,Zamfara,3613,RURAL,360048.0,42.99943057136448,10000.0,
1348,36,Zamfara,3613,RURAL,360049.0,32.24957292852336,,
1349,36,Zamfara,3613,RURAL,360050.0,64.49914585704671,10000.0,
1350,37,FCT Abuja,3702,URBAN,0.0,188.89702994122442,,
1351,37,FCT Abuja,3706,RURAL,0.0,98.24137931034483,,
1352,37,FCT Abuja,3706,URBAN,0.0,99.56088288609415,,
1353,37,FCT Abuja,3706,URBAN,370018.0,515.9931668563737,,
1354,37,FCT Abuja,3706,URBAN,370019.0,214.99715285682237,,42000.0
1355,37,FCT Abuja,3706,URBAN,370020.0,429.99430571364474,,
